,player,team,age,height,weight,college,country,draft year,draft round,draft number,gp,pts,reb,ast,netrtg,oreb%,dreb%,usg%,ts%,ast%,season
0,A.J. Lawson,DAL,22,198.12,179.0,South Carolina,Canada,Undrafted,Undrafted,Undrafted,12.0,2.0,0.7,0.1,-6.4,1.7,15.2,17.6,56.3,3.3,'22-23
1,AJ Green,MIL,23,195.58,190.0,Northern Iowa,USA,Undrafted,Undrafted,Undrafted,24.0,4.4,1.1,0.5,-10.1,1.7,9.5,16.9,61.8,7.9,'22-23
2,AJ Griffin,ATL,19,198.12,220.0,Duke,USA,2022,1,16,51.0,9.6,2.1,1.1,-0.6,2.1,7.5,17.1,60.3,7.0,'22-23
3,Aaron Gordon,DEN,27,203.2,235.0,Arizona,USA,2014,1,4,48.0,16.9,6.7,2.9,14.2,8.8,14.4,20.9,64.0,12.3,'22-23
4,Aaron Holiday,ATL,26,182.88,185.0,UCLA,USA,2018,1,23,48.0,4.4,1.3,1.4,0.1,2.5,6.1,12.7,53.5,11.7,'22-23
5,Aaron Nesmith,IND,23,195.58,215.0,Vanderbilt,USA,2020,1,14,49.0,9.7,3.7,1.2,-2.8,3.1,11.9,16.8,54.8,6.7,'22-23
6,Aaron Wiggins,OKC,24,195.58,190.0,Maryland,USA,2021,2,55,43.0,6.6,3.3,1.4,3.8,5.3,11.7,13.8,60.7,9.8,'22-23
7,Admiral Schofield,ORL,25,195.58,241.0,Tennessee,United Kingdom,2019,2,42,27.0,4.6,1.9,0.9,-7.1,5.0,10.2,12.9,61.3,9.8,'22-23
8,Al Horford,BOS,36,205.74,240.0,Florida,Dominican Republic,2007,1,3,43.0,9.1,6.1,2.7,8.1,3.9,15.3,11.5,60.2,11.3,'22-23
9,Alec Burks,DET,31,198.12,214.0,Colorado,USA,2011,1,12,43.0,13.0,3.0,2.2,-2.3,1.4,11.9,21.9,60.2,14.9,'22-23
10,Aleksej Pokusevski,OKC,21,213.36,210.0,None,Serbia,2020,1,17,31.0,8.8,5.1,2.0,-12.6,6.0,16.3,17.9,53.0,13.1,'22-23
11,Alex Caruso,CHI,28,195.58,186.0,Texas A&M,USA,Undrafted,Undrafted,Undrafted,46.0,5.6,3.1,3.3,4.6,2.7,10.4,11.0,57.9,17.2,'22-23
12,Alex Len,SAC,29,218.44,250.0,Maryland,Ukraine,2013,1,5,13.0,1.0,1.2,0.4,-9.2,8.5,19.6,13.3,55.3,15.2,'22-23
13,Alize Johnson,SAS,26,203.2,212.0,Missouri State,USA,2018,2,50,4.0,1.8,2.5,0.3,19.0,6.3,21.1,14.5,50.9,4.2,'22-23
14,Alondes Williams,BKN,23,193.04,210.0,Wake Forest,USA,Undrafted,Undrafted,Undrafted,1.0,0.0,1.0,0.0,-53.0,0.0,25.0,14.3,0.0,0.0,'22-23
15,Alperen Sengun,HOU,20,210.82,243.0,None,Turkey,2021,1,16,50.0,15.4,8.8,3.8,-7.6,11.0,19.8,21.7,62.1,20.0,'22-23
16,Amir Coffey,LAC,25,200.66,210.0,Minnesota,USA,Undrafted,Undrafted,Undrafted,38.0,3.9,1.3,1.3,-6.9,2.7,5.5,12.5,49.6,12.5,'22-23
17,Andre Drummond,CHI,29,210.82,279.0,Connecticut,USA,2012,1,9,41.0,6.6,6.8,0.6,4.2,16.4,35.1,20.0,62.7,7.1,'22-23
18,Andre Iguodala,GSW,39,198.12,215.0,Arizona,USA,2004,1,9,3.0,2.3,2.3,1.7,18.8,2.2,12.2,8.4,87.5,13.5,'22-23
19,Andrew Nembhard,IND,23,190.5,191.0,Gonzaga,Canada,2022,2,31,49.0,8.5,2.9,4.1,-4.6,1.8,8.3,14.8,52.2,20.1,'22-23
20,Andrew Wiggins,GSW,27,200.66,197.0,Kansas,Canada,2014,1,1,35.0,16.9,5.0,2.3,4.6,5.0,9.9,21.2,56.4,10.0,'22-23
21,Anfernee Simons,POR,23,190.5,181.0,None,USA,2018,1,24,53.0,21.8,2.7,4.2,-0.8,0.8,6.8,24.6,59.4,18.4,'22-23
22,Anthony Davis,LAL,29,208.28,253.0,Kentucky,USA,2012,1,1,31.0,26.7,11.9,2.5,2.1,9.6,24.5,27.7,64.6,12.7,'22-23
23,Anthony Edwards,MIN,21,193.04,225.0,Georgia,USA,2020,1,1,58.0,24.7,6.0,4.6,1.9,1.7,14.3,28.8,57.2,19.4,'22-23
24,Anthony Gill,WAS,30,203.2,230.0,Virginia,USA,Undrafted,Undrafted,Undrafted,38.0,3.2,1.5,0.5,-0.1,5.3,9.1,10.3,65.8,7.2,'22-23
25,Anthony Lamb,GSW,25,198.12,227.0,Vermont,USA,Undrafted,Undrafted,Undrafted,42.0,7.2,3.3,1.7,-2.1,4.1,12.7,13.9,65.1,12.2,'22-23
26,Austin Reaves,LAL,24,195.58,197.0,Oklahoma,USA,Undrafted,Undrafted,Undrafted,37.0,10.5,3.0,2.2,1.7,2.3,7.8,13.6,64.1,9.9,'22-23
27,Austin Rivers,MIN,30,193.04,200.0,Duke,USA,2012,1,10,43.0,5.5,1.8,1.6,-4.3,0.5,8.2,10.2,59.5,9.7,'22-23
28,Ayo Dosunmu,CHI,23,195.58,200.0,Illinois,USA,2021,2,38,52.0,9.8,3.1,2.8,-2.4,2.5,8.3,14.8,59.4,13.6,'22-23
29,Bam Adebayo,MIA,25,205.74,255.0,Kentucky,USA,2017,1,14,50.0,21.8,10.0,3.2,3.4,8.0,21.4,25.9,59.5,15.2,'22-23
30,Ben Simmons,BKN,26,208.28,240.0,Louisiana State,Australia,2016,1,1,38.0,7.2,6.4,6.4,2.9,3.9,18.3,14.3,55.9,29.8,'22-23
31,Bennedict Mathurin,IND,20,195.58,210.0,Arizona,Canada,2022,1,6,56.0,17.1,4.1,1.4,-2.2,3.5,10.6,24.4,56.0,7.6,'22-23
32,Bismack Biyombo,PHX,30,203.2,255.0,None,DRC,2011,1,7,43.0,3.9,4.1,1.0,5.7,7.5,19.1,13.4,53.4,9.3,'22-23
33,Blake Griffin,BOS,33,205.74,250.0,Oklahoma,USA,2009,1,1,23.0,4.3,3.2,1.1,7.1,5.8,18.5,12.7,61.8,10.7,'22-23
34,Blake Wesley,SAS,19,193.04,185.0,Notre Dame,USA,2022,1,25,11.0,4.5,1.2,1.3,-26.1,1.4,8.8,19.4,51.5,17.1,'22-23
35,Boban Marjanovic,HOU,34,223.52,290.0,None,Serbia,Undrafted,Undrafted,Undrafted,17.0,2.8,1.5,0.2,21.8,11.0,25.0,20.2,70.9,8.3,'22-23
36,Bobby Portis,MIL,27,210.82,250.0,Arkansas,USA,2015,1,22,47.0,14.4,10.1,1.8,0.1,8.9,25.8,21.1,57.1,10.5,'22-23
37,Bogdan Bogdanovic,ATL,30,195.58,225.0,None,Serbia,2014,1,27,30.0,15.2,3.5,3.1,-2.7,1.3,9.7,21.0,55.6,14.3,'22-23
38,Bojan Bogdanovic,DET,33,200.66,226.0,None,Croatia,2011,2,31,53.0,21.3,3.6,2.6,-8.7,1.7,9.8,24.9,62.8,13.5,'22-23
39,Bol Bol,ORL,23,218.44,220.0,Oregon,Sudan,2019,2,44,50.0,10.6,6.4,0.9,-5.2,5.1,21.6,18.1,63.3,5.6,'22-23
40,Bones Hyland,DEN,22,187.96,169.0,Virginia Commonwealth,USA,2021,1,26,42.0,12.1,2.0,3.0,-8.4,1.2,9.8,27.6,54.0,24.1,'22-23
41,Bradley Beal,WAS,29,193.04,207.0,Florida,USA,2012,1,3,32.0,22.2,3.5,5.2,2.4,2.7,7.8,27.2,60.6,25.1,'22-23
42,Brandon Boston Jr.,LAC,21,198.12,188.0,Kentucky,USA,2021,2,51,19.0,6.4,1.4,1.0,-4.7,2.6,9.7,23.5,49.2,13.9,'22-23
43,Brandon Clarke,MEM,26,203.2,215.0,Gonzaga,Canada,2019,1,21,48.0,10.4,5.6,1.2,0.4,7.6,18.0,17.8,68.7,9.2,'22-23
44,Brandon Ingram,NOP,25,203.2,190.0,Duke,USA,2016,1,2,21.0,21.6,5.1,5.1,5.4,1.5,14.6,29.3,56.2,24.2,'22-23
45,Braxton Key,DET,25,203.2,225.0,Virginia,USA,Undrafted,Undrafted,Undrafted,3.0,1.3,0.3,0.0,-4.5,0.0,6.7,9.1,106.4,0.0,'22-23
46,Brook Lopez,MIL,34,215.9,282.0,Stanford,USA,2008,1,10,53.0,14.3,6.4,1.2,3.6,5.8,13.2,17.7,60.6,5.7,'22-23
47,Bruce Brown,DEN,26,193.04,202.0,Miami,USA,2018,2,42,54.0,11.2,4.0,3.6,1.5,2.7,11.5,16.6,58.3,17.2,'22-23
48,Bruno Fernando,HOU,24,208.28,240.0,Maryland,Angola,2019,2,34,31.0,4.1,3.9,1.0,-9.3,12.3,18.9,14.9,56.1,12.4,'22-23
49,Bryce McGowens,CHA,20,198.12,175.0,Nebraska,USA,2022,2,40,22.0,3.6,1.6,1.0,-6.8,2.5,8.9,12.2,48.3,9.1,'22-23
50,Bryn Forbes,MIN,29,187.96,205.0,Michigan State,USA,Undrafted,Undrafted,Undrafted,25.0,3.6,0.6,0.7,-8.5,1.5,4.0,15.5,49.7,8.7,'22-23
51,Buddy Boeheim,DET,23,198.12,205.0,Syracuse,USA,Undrafted,Undrafted,Undrafted,1.0,0.0,0.0,0.0,66.7,0.0,0.0,0.0,0.0,0.0,'22-23
52,Buddy Hield,IND,30,193.04,220.0,Oklahoma,Bahamas,2016,1,6,56.0,17.6,5.0,2.7,-1.5,2.5,12.6,20.7,61.1,12.5,'22-23
53,CJ McCollum,NOP,31,190.5,190.0,Lehigh,USA,2013,1,10,50.0,21.3,4.4,5.9,1.8,2.1,10.2,26.5,54.3,25.0,'22-23
54,Cade Cunningham,DET,21,200.66,220.0,Oklahoma State,USA,2021,1,1,12.0,19.9,6.2,6.0,-6.1,2.7,14.8,28.7,49.2,30.6,'22-23
55,Caleb Houstan,ORL,20,203.2,205.0,Michigan,Canada,2022,2,32,31.0,4.1,2.3,0.6,-5.0,4.4,9.9,10.5,55.4,5.0,'22-23
56,Caleb Martin,MIA,27,195.58,205.0,Nevada,USA,Undrafted,Undrafted,Undrafted,45.0,10.2,5.1,1.7,1.1,4.6,12.7,14.4,56.4,7.9,'22-23
57,Cam Reddish,NYK,23,200.66,217.0,Duke,USA,2019,1,10,20.0,8.4,1.6,1.0,-1.6,1.5,5.1,15.5,55.8,6.2,'22-23
58,Cam Thomas,BKN,21,190.5,210.0,Louisiana State,Japan,2021,1,27,37.0,10.4,1.6,1.5,3.8,1.1,8.5,26.4,59.2,14.6,'22-23
59,Cameron Johnson,PHX,26,203.2,210.0,North Carolina,USA,2019,1,11,17.0,13.9,3.8,1.5,11.1,3.4,10.8,19.5,62.9,8.8,'22-23
60,Cameron Payne,PHX,28,185.42,183.0,Murray State,USA,2015,1,14,28.0,12.1,2.3,5.3,3.1,1.3,8.6,23.9,51.6,30.6,'22-23
61,Caris LeVert,CLE,28,198.12,205.0,Michigan,USA,2016,1,20,51.0,12.5,4.0,3.8,2.9,2.4,10.9,19.4,51.7,18.1,'22-23
62,Carlik Jones,CHI,25,182.88,174.0,Louisville,USA,Undrafted,Undrafted,Undrafted,1.0,2.0,0.0,0.0,-66.7,0.0,0.0,25.0,100,0.0,'22-23
63,Cedi Osman,CLE,27,200.66,230.0,None,Turkey,2015,2,31,55.0,9.1,2.2,1.5,8.0,1.5,9.3,17.8,57.5,10.6,'22-23
64,Charles Bassey,SAS,22,205.74,230.0,Western Kentucky,Nigeria,2021,2,53,24.0,4.7,5.2,1.2,-2.1,13.3,24.4,13.7,69.5,11.6,'22-23
65,Chima Moneke,SAC,27,195.58,223.0,Cal-Davis,Nigeria,Undrafted,Undrafted,Undrafted,2.0,1.0,1.0,0.5,-57.2,25.0,0.0,25.0,34.7,25.0,'22-23
66,Chimezie Metu,SAC,25,205.74,225.0,Southern California,USA,2018,2,49,41.0,5.1,3.1,0.7,4.3,6.8,20.1,16.7,65.3,8.8,'22-23
67,Chris Boucher,TOR,30,205.74,200.0,Oregon,Saint Lucia,Undrafted,Undrafted,Undrafted,50.0,9.9,5.9,0.5,-1.4,9.8,19.5,17.8,58.7,3.4,'22-23
68,Chris Duarte,IND,25,195.58,190.0,Oregon,Dominican Republic,2021,1,13,33.0,7.7,2.4,1.5,-6.2,1.5,10.9,18.5,48.6,11.6,'22-23
69,Chris Paul,PHX,37,182.88,175.0,Wake Forest,USA,2005,1,4,35.0,13.6,4.3,8.7,0.3,1.2,12.3,19.5,55.7,39.5,'22-23
70,Chris Silva,DAL,26,203.2,234.0,South Carolina,Gabon,Undrafted,Undrafted,Undrafted,1.0,2.0,0.0,0.0,12.5,0.0,0.0,25.0,100,0.0,'22-23
71,Christian Braun,DEN,21,198.12,220.0,Kansas,USA,2022,1,21,50.0,4.2,2.3,0.7,-4.0,4.5,11.4,12.0,55.7,6.3,'22-23
72,Christian Koloko,TOR,22,213.36,230.0,Arizona,Cameroon,2022,2,33,45.0,3.5,3.2,0.5,9.1,9.4,11.6,10.3,53.3,4.4,'22-23
73,Christian Wood,DAL,27,205.74,214.0,UNLV,USA,Undrafted,Undrafted,Undrafted,44.0,17.8,8.4,1.7,0.5,5.3,25.1,25.6,63.2,10.5,'22-23
74,Chuma Okeke,ORL,24,203.2,229.0,Auburn,USA,2019,1,16,18.0,5.4,4.2,1.4,-8.7,5.3,13.1,11.4,50.9,9.0,'22-23
75,Clint Capela,ATL,28,208.28,256.0,None,Switzerland,2014,1,25,39.0,12.1,11.4,0.7,-0.5,14.6,26.5,15.3,64.0,3.7,'22-23
76,Coby White,CHI,22,195.58,195.0,North Carolina,USA,2019,1,7,46.0,8.5,2.6,1.9,1.4,0.9,10.7,16.3,55.1,12.0,'22-23
77,Cody Martin,CHA,27,198.12,205.0,Nevada,USA,2019,2,36,7.0,5.0,3.4,1.6,-9.7,5.6,10.9,12.1,44.8,11.1,'22-23
78,Cole Anthony,ORL,22,190.5,185.0,North Carolina,USA,2020,1,15,37.0,12.0,4.5,4.0,-3.0,2.4,15.3,20.7,56.3,24.3,'22-23
79,Cole Swider,LAL,23,205.74,220.0,Syracuse,USA,Undrafted,Undrafted,Undrafted,5.0,1.8,1.4,0.8,-2.6,2.5,17.6,9.7,50.0,11.8,'22-23
80,Collin Sexton,UTA,24,187.96,190.0,Alabama,USA,2018,1,8,43.0,14.3,2.2,2.7,0.6,3.5,5.5,22.7,62.6,16.7,'22-23
81,Corey Kispert,WAS,23,198.12,224.0,Gonzaga,USA,2021,1,15,46.0,9.5,2.7,1.3,-1.8,1.6,7.9,13.0,63.2,6.5,'22-23
82,Cory Joseph,DET,31,190.5,200.0,Texas,Canada,2011,1,29,37.0,4.6,1.3,3.2,-2.9,1.6,6.7,14.0,49.1,28.0,'22-23
83,D'Angelo Russell,MIN,26,193.04,193.0,Ohio State,USA,2015,1,2,54.0,17.9,3.1,6.2,-1.6,1.6,7.5,22.5,60.4,27.4,'22-23
84,Daishen Nix,HOU,20,193.04,226.0,None,USA,Undrafted,Undrafted,Undrafted,40.0,3.7,1.7,2.6,-4.0,1.8,9.2,13.7,46.9,21.8,'22-23
85,Dalano Banton,TOR,23,200.66,204.0,Nebraska,Canada,2021,2,46,24.0,4.8,1.4,1.2,-11.8,3.5,10.9,21.8,51.1,19.2,'22-23
86,Dalen Terry,CHI,20,200.66,195.0,Arizona,USA,2022,1,18,20.0,0.9,0.4,0.4,-7.7,1.7,8.3,16.3,43.6,15.9,'22-23
87,Damian Jones,LAL,27,210.82,245.0,Vanderbilt,USA,2016,1,30,22.0,2.5,2.5,0.2,-10.5,9.2,18.3,12.6,60.0,3.7,'22-23
88,Damian Lillard,POR,32,187.96,195.0,Weber State,USA,2012,1,6,43.0,30.9,4.2,7.3,3.6,1.9,9.9,31.8,64.3,32.9,'22-23
89,Damion Lee,PHX,30,195.58,210.0,Drexel,USA,Undrafted,Undrafted,Undrafted,56.0,9.0,3.3,1.5,4.7,2.0,12.7,15.0,62.5,9.4,'22-23
90,Daniel Gafford,WAS,24,208.28,234.0,Arkansas,USA,2019,2,38,52.0,8.4,5.3,0.8,1.4,10.5,16.2,14.8,73.6,6.4,'22-23
91,Daniel Theis,IND,30,203.2,245.0,None,Germany,Undrafted,Undrafted,Undrafted,4.0,6.0,2.5,0.5,-3.1,1.7,16.4,18.3,55.5,5.1,'22-23
92,Danny Green,MEM,35,198.12,215.0,North Carolina,USA,2009,2,46,3.0,3.0,1.3,0.7,-3.4,2.6,5.7,14.4,40.9,6.7,'22-23
93,Danuel House Jr.,PHI,29,198.12,220.0,Texas A&M,USA,Undrafted,Undrafted,Undrafted,35.0,4.6,1.8,0.7,-2.2,1.6,10.1,12.1,60.2,6.7,'22-23
94,Dario Saric,PHX,28,208.28,225.0,None,Croatia,2014,1,12,37.0,5.8,3.8,1.5,-3.5,7.3,20.4,18.0,54.5,15.1,'22-23
95,Darius Bazley,OKC,22,205.74,216.0,None,USA,2019,1,23,36.0,5.4,3.4,0.9,-1.4,5.0,15.4,15.9,52.5,8.1,'22-23
96,Darius Days,HOU,23,200.66,245.0,Louisiana State,USA,Undrafted,Undrafted,Undrafted,1.0,2.0,2.0,1.0,-70.0,25.0,100,12.5,100,50.0,'22-23
97,Darius Garland,CLE,23,185.42,192.0,Vanderbilt,USA,2019,1,5,47.0,22.0,2.8,8.1,7.6,1.3,6.9,26.5,59.2,34.6,'22-23
98,David Duke Jr.,BKN,23,193.04,204.0,Providence,USA,Undrafted,Undrafted,Undrafted,15.0,3.1,1.0,0.8,-9.2,4.6,6.9,19.0,46.4,14.1,'22-23
99,David Roddy,MEM,21,193.04,255.0,Colorado State,USA,2022,1,23,45.0,6.4,2.7,0.7,-3.2,3.4,10.2,16.1,50.3,5.1,'22-23
100,Davion Mitchell,SAC,24,182.88,202.0,Baylor,USA,2021,1,9,53.0,5.8,1.4,2.2,2.3,1.3,6.6,14.7,54.8,16.9,'22-23
101,Davis Bertans,DAL,30,208.28,225.0,None,Latvia,2011,2,42,34.0,4.1,0.9,0.4,-6.9,1.7,7.4,15.0,60.6,5.4,'22-23
102,Davon Reed,DEN,27,195.58,206.0,Miami,USA,2017,2,32,35.0,2.3,1.6,0.5,-14.5,3.0,15.0,14.6,45.6,8.9,'22-23
103,Day'Ron Sharpe,BKN,21,205.74,265.0,North Carolina,USA,2021,1,29,29.0,3.7,3.5,0.7,-14.5,15.9,20.3,17.2,56.8,10.2,'22-23
104,De'Aaron Fox,SAC,25,190.5,185.0,Kentucky,USA,2017,1,5,49.0,24.2,4.3,6.3,2.6,1.3,11.5,28.0,58.9,28.2,'22-23
105,De'Andre Hunter,ATL,25,203.2,221.0,Virginia,USA,2019,1,4,45.0,15.7,4.3,1.4,0.7,2.0,11.1,19.7,56.8,6.0,'22-23
106,De'Anthony Melton,PHI,24,187.96,200.0,Southern California,USA,2018,2,46,50.0,11.0,4.4,2.8,2.3,3.5,12.1,16.9,56.8,13.7,'22-23
107,DeAndre Jordan,DEN,34,210.82,265.0,Texas A&M,USA,2008,2,35,33.0,4.8,4.9,0.9,-8.4,8.9,24.4,13.1,72.4,8.9,'22-23
108,DeMar DeRozan,CHI,33,198.12,220.0,Southern California,USA,2009,1,9,50.0,25.9,4.8,5.0,2.4,1.3,12.0,28.1,59.9,21.8,'22-23
109,Dean Wade,CLE,26,205.74,228.0,Kansas State,USA,Undrafted,Undrafted,Undrafted,27.0,6.0,3.9,1.0,10.4,2.3,14.6,9.9,62.7,6.0,'22-23
110,Deandre Ayton,PHX,24,213.36,250.0,Arizona,Bahamas,2018,1,1,47.0,18.4,10.3,2.1,-3.0,9.4,26.0,24.2,61.2,11.5,'22-23
111,Dejounte Murray,ATL,26,195.58,180.0,Washington,USA,2016,1,29,50.0,21.1,5.4,6.3,-0.5,1.9,12.7,24.6,54.5,25.1,'22-23
112,Delon Wright,WAS,30,195.58,185.0,Utah,USA,2015,1,20,25.0,5.8,3.2,3.7,1.0,4.4,9.5,12.2,52.2,22.4,'22-23
113,Deni Avdija,WAS,22,205.74,210.0,None,Israel,2020,1,9,52.0,9.1,6.3,2.5,-1.0,4.1,18.8,16.1,53.6,12.9,'22-23
114,Dennis Schroder,LAL,29,185.42,172.0,None,Germany,2013,1,17,41.0,12.0,2.7,4.0,0.2,1.0,7.2,17.1,54.7,17.1,'22-23
115,Dennis Smith Jr.,CHA,25,187.96,205.0,North Carolina State,USA,2017,1,9,34.0,8.1,2.7,4.4,-3.2,1.5,8.8,16.8,47.2,25.8,'22-23
116,Deonte Burton,SAC,29,193.04,240.0,Iowa State,USA,Undrafted,Undrafted,Undrafted,2.0,0.0,0.0,0.0,51.8,0.0,0.0,13.3,0.0,0.0,'22-23
117,Dereon Seabron,NOP,22,195.58,180.0,North Carolina State,USA,Undrafted,Undrafted,Undrafted,4.0,1.0,0.3,0.0,50.0,16.7,0.0,22.2,50.0,0.0,'22-23
118,Derrick Jones Jr.,CHI,25,198.12,210.0,UNLV,USA,Undrafted,Undrafted,Undrafted,43.0,5.5,2.6,0.7,3.5,6.0,10.2,13.1,62.5,5.7,'22-23
119,Derrick Rose,NYK,34,190.5,200.0,Memphis,USA,2008,1,1,26.0,5.8,1.5,1.8,-2.9,2.2,8.3,21.7,47.4,20.9,'22-23
120,Derrick White,BOS,28,193.04,190.0,Colorado,USA,2017,1,29,55.0,10.9,3.3,3.5,9.9,2.1,9.8,16.4,59.3,17.7,'22-23
121,Desmond Bane,MEM,24,195.58,215.0,TCU,USA,2020,1,30,32.0,21.6,4.8,4.1,7.6,1.7,12.3,25.4,60.3,19.3,'22-23
122,Devin Booker,PHX,26,195.58,206.0,Kentucky,USA,2015,1,13,30.0,26.8,4.6,5.6,5.5,2.3,11.4,31.2,58.3,25.2,'22-23
123,Devin Vassell,SAS,22,195.58,200.0,Florida State,USA,2020,1,11,29.0,19.4,4.0,3.6,-11.8,0.6,12.9,24.2,56.2,17.2,'22-23
124,Devon Dotson,WAS,23,185.42,185.0,Kansas,USA,Undrafted,Undrafted,Undrafted,6.0,0.5,1.7,1.3,-5.7,10.7,8.5,10.2,15.0,21.1,'22-23
125,Devonte' Graham,NOP,27,185.42,195.0,Kansas,USA,2018,2,34,53.0,5.3,1.4,2.2,1.3,1.4,7.8,14.5,54.5,19.9,'22-23
126,Dewayne Dedmon,SAS,33,208.28,245.0,Southern California,USA,Undrafted,Undrafted,Undrafted,30.0,5.7,3.6,0.5,-10.4,7.3,22.9,20.1,57.6,8.3,'22-23
127,Dillon Brooks,MEM,27,198.12,225.0,Oregon,Canada,2017,2,45,49.0,15.1,3.3,2.7,7.0,1.8,8.3,22.4,48.3,11.9,'22-23
128,Domantas Sabonis,SAC,26,215.9,240.0,Gonzaga,Lithuania,2016,1,11,52.0,18.7,12.2,7.0,5.4,8.9,28.1,21.0,66.7,29.0,'22-23
129,Dominick Barlow,SAS,19,205.74,215.0,None,USA,Undrafted,Undrafted,Undrafted,6.0,3.0,1.2,0.7,-1.7,7.5,10.5,17.2,61.5,16.7,'22-23
130,Donovan Mitchell,CLE,26,185.42,215.0,Louisville,USA,2017,1,13,46.0,26.8,3.9,4.9,5.6,2.6,8.9,30.3,61.0,23.0,'22-23
131,Donte DiVincenzo,GSW,26,193.04,203.0,Villanova,USA,2018,1,17,45.0,8.8,4.4,3.3,2.0,3.6,13.5,14.4,58.8,17.6,'22-23
132,Dorian Finney-Smith,BKN,29,200.66,220.0,Florida,USA,Undrafted,Undrafted,Undrafted,40.0,9.1,4.7,1.5,0.4,5.2,10.3,12.6,55.7,6.5,'22-23
133,Doug McDermott,SAS,31,198.12,225.0,Creighton,USA,2014,1,11,49.0,9.9,2.2,1.5,-8.8,1.3,9.3,18.1,59.1,9.9,'22-23
134,Draymond Green,GSW,32,198.12,230.0,Michigan State,USA,2012,2,35,49.0,8.0,7.5,6.8,5.0,2.7,19.3,12.3,58.2,26.5,'22-23
135,Drew Eubanks,POR,26,208.28,245.0,Oregon State,USA,Undrafted,Undrafted,Undrafted,53.0,5.9,4.7,1.1,0.1,8.2,16.8,11.0,70.9,8.1,'22-23
136,Dru Smith,BKN,25,190.5,203.0,Missouri,USA,Undrafted,Undrafted,Undrafted,7.0,2.6,2.1,1.3,-13.5,1.1,14.6,10.5,45.0,13.6,'22-23
137,Duane Washington Jr.,PHX,22,187.96,197.0,Ohio State,Germany,Undrafted,Undrafted,Undrafted,31.0,7.9,1.2,2.0,-0.5,0.4,8.5,29.8,45.8,26.0,'22-23
138,Duncan Robinson,MIA,28,200.66,215.0,Michigan,USA,Undrafted,Undrafted,Undrafted,28.0,6.9,1.9,1.2,-2.2,1.4,9.9,17.2,52.8,9.9,'22-23
139,Dwight Powell,DAL,31,208.28,240.0,Stanford,Canada,2014,2,45,51.0,6.8,4.3,0.8,7.0,10.9,11.6,12.2,73.4,5.7,'22-23
140,Dyson Daniels,NOP,19,200.66,199.0,None,Australia,2022,1,8,39.0,4.5,3.5,2.5,0.2,3.6,13.6,11.2,52.5,16.1,'22-23
141,Edmond Sumner,BKN,27,193.04,196.0,Xavier,USA,2017,2,52,46.0,7.4,1.6,1.4,2.5,1.8,8.6,20.9,59.4,13.8,'22-23
142,Eric Gordon,HOU,34,190.5,215.0,Indiana,USA,2008,1,7,47.0,13.1,2.1,2.9,-7.7,0.8,5.8,17.5,57.2,13.8,'22-23
143,Eugene Omoruyi,OKC,25,198.12,235.0,Oregon,Nigeria,Undrafted,Undrafted,Undrafted,21.0,5.0,2.3,0.5,0.9,8.0,10.9,18.7,53.5,6.3,'22-23
144,Evan Fournier,NYK,30,198.12,205.0,None,France,2012,1,20,22.0,7.1,2.0,1.6,1.2,0.9,9.4,17.9,49.3,11.9,'22-23
145,Evan Mobley,CLE,21,210.82,215.0,Southern California,USA,2021,1,3,55.0,15.4,8.9,2.7,5.1,7.5,19.7,19.6,58.9,12.2,'22-23
146,Facundo Campazzo,DAL,31,177.8,195.0,None,Argentina,Undrafted,Undrafted,Undrafted,8.0,1.3,0.3,1.1,11.0,0.0,4.1,14.4,36.0,30.0,'22-23
147,Frank Kaminsky,ATL,29,213.36,240.0,Wisconsin,USA,2015,1,9,26.0,2.7,1.4,0.8,-1.2,1.6,20.4,14.4,72.0,17.2,'22-23
148,Frank Ntilikina,DAL,24,193.04,200.0,None,France,2017,1,8,33.0,2.5,1.3,1.2,-0.1,1.3,9.6,13.3,43.8,14.3,'22-23
149,Franz Wagner,ORL,21,208.28,220.0,Michigan,Germany,2021,1,8,54.0,19.4,4.1,3.4,1.1,3.0,9.2,23.6,59.1,16.4,'22-23
150,Fred VanVleet,TOR,28,182.88,197.0,Wichita State,USA,Undrafted,Undrafted,Undrafted,47.0,19.6,4.4,6.5,1.3,1.3,11.7,22.4,54.1,25.9,'22-23
151,Furkan Korkmaz,PHI,25,200.66,202.0,None,Turkey,2016,1,26,25.0,3.8,1.2,0.7,-4.0,2.3,8.9,17.1,52.3,10.4,'22-23
152,Gabe Vincent,MIA,26,187.96,200.0,California-Santa Barbara,USA,Undrafted,Undrafted,Undrafted,41.0,9.5,2.3,2.6,2.5,1.5,7.6,17.6,52.8,15.0,'22-23
153,Garrett Temple,NOP,36,198.12,195.0,Louisiana State,USA,Undrafted,Undrafted,Undrafted,17.0,2.5,0.6,0.6,-6.8,1.5,6.6,12.6,57.1,12.0,'22-23
154,Garrison Mathews,HOU,26,198.12,215.0,Lipscomb,USA,Undrafted,Undrafted,Undrafted,45.0,4.8,1.4,0.5,-6.9,1.5,7.7,13.5,56.4,5.7,'22-23
155,Gary Harris,ORL,28,193.04,210.0,Michigan State,USA,2014,1,19,27.0,8.9,2.1,1.1,-2.5,2.0,7.1,13.0,66.3,6.4,'22-23
156,Gary Payton II,POR,30,187.96,195.0,Oregon State,USA,Undrafted,Undrafted,Undrafted,15.0,4.1,2.6,1.5,4.6,4.5,11.8,9.5,71.3,11.1,'22-23
157,Gary Trent Jr.,TOR,24,195.58,209.0,Duke,USA,2018,2,37,49.0,18.6,2.5,1.6,-1.5,1.0,6.8,20.9,57.4,7.1,'22-23
158,George Hill,MIL,36,193.04,188.0,Indiana-Purdue Indianapolis,USA,2008,1,26,35.0,5.0,1.9,2.5,0.2,1.8,7.4,11.0,57.5,18.6,'22-23
159,Georges Niang,PHI,29,200.66,230.0,Iowa State,USA,2016,2,50,51.0,9.0,2.5,1.2,5.2,1.4,10.7,17.1,62.0,8.7,'22-23
160,Giannis Antetokounmpo,MIL,28,213.36,243.0,None,Greece,2013,1,15,43.0,32.2,12.4,5.3,5.6,6.8,26.6,37.6,59.7,29.9,'22-23
161,Goga Bitadze,IND,23,210.82,250.0,None,Georgia,2019,1,18,21.0,3.3,2.3,0.9,4.7,11.2,12.6,14.6,55.1,12.5,'22-23
162,Goran Dragic,CHI,36,193.04,190.0,None,Slovenia,2008,2,45,48.0,6.6,1.4,2.9,2.0,1.7,7.2,19.7,51.4,24.4,'22-23
163,Gordon Hayward,CHA,32,200.66,225.0,Butler,USA,2010,1,9,30.0,13.4,4.3,3.4,-4.3,2.3,11.1,18.7,53.8,15.8,'22-23
164,Gorgui Dieng,SAS,33,208.28,248.0,Louisville,Senegal,2013,1,21,17.0,3.4,2.8,1.6,-12.5,8.6,21.5,17.6,51.1,23.1,'22-23
165,Grant Williams,BOS,24,198.12,236.0,Tennessee,USA,2019,1,22,54.0,8.7,4.7,1.7,4.8,3.9,13.1,12.4,63.2,8.2,'22-23
166,Grayson Allen,MIL,27,193.04,198.0,Duke,USA,2018,1,21,50.0,10.5,3.5,2.5,3.7,3.1,8.7,14.1,61.9,12.2,'22-23
167,Greg Brown III,POR,21,200.66,206.0,Texas,USA,2021,2,43,16.0,1.8,1.2,0.2,-3.4,1.9,17.5,17.0,42.1,5.5,'22-23
168,Hamidou Diallo,DET,24,195.58,202.0,Kentucky,USA,2018,2,45,47.0,8.3,3.4,1.0,-0.1,5.8,14.1,19.9,59.5,8.9,'22-23
169,Harrison Barnes,SAC,30,203.2,225.0,North Carolina,USA,2012,1,7,54.0,15.1,4.7,1.6,4.1,3.1,11.6,17.1,63.8,6.7,'22-23
170,Haywood Highsmith,MIA,26,195.58,220.0,Wheeling Jesuit,USA,2018,,,39.0,4.8,3.9,0.7,-4.2,5.2,13.8,11.9,51.4,5.4,'22-23
171,Herbert Jones,NOP,24,200.66,206.0,Alabama,USA,2021,2,35,40.0,9.7,3.9,2.2,2.1,4.7,8.6,15.1,53.5,9.6,'22-23
172,Immanuel Quickley,NYK,23,187.96,190.0,Kentucky,USA,2020,1,25,55.0,12.6,4.1,3.2,5.0,2.1,11.0,18.5,55.5,17.1,'22-23
173,Isaac Okoro,CLE,22,195.58,225.0,Auburn,USA,2020,1,5,57.0,6.4,2.6,1.2,5.4,3.5,9.4,12.2,61.5,7.6,'22-23
174,Isaiah Hartenstein,NYK,24,213.36,250.0,None,Germany,2017,2,43,56.0,5.1,6.4,0.9,1.8,13.2,17.5,11.6,55.0,6.2,'22-23
175,Isaiah Jackson,IND,21,205.74,205.0,Kentucky,USA,2021,1,22,41.0,6.7,3.9,0.9,-4.5,8.6,15.8,16.9,59.5,8.8,'22-23
176,Isaiah Joe,OKC,23,190.5,165.0,Arkansas,USA,2020,2,49,46.0,8.1,2.2,1.0,11.6,2.2,11.5,16.7,66.8,9.2,'22-23
177,Isaiah Livers,DET,24,198.12,232.0,Michigan,USA,2021,2,42,34.0,5.6,2.2,0.6,-10.9,2.4,8.6,11.3,56.8,4.1,'22-23
178,Isaiah Mobley,CLE,23,203.2,238.0,Southern California,USA,2022,2,49,8.0,1.1,1.4,0.0,49.3,5.0,27.8,14.3,56.3,0.0,'22-23
179,Isaiah Roby,SAS,25,203.2,230.0,Nebraska,USA,2019,2,45,39.0,4.2,2.5,0.9,-9.1,3.8,19.9,17.6,52.0,12.0,'22-23
180,Isaiah Stewart,DET,21,203.2,250.0,Washington,USA,2020,1,16,45.0,11.3,8.1,1.4,-8.9,7.9,20.5,17.2,54.9,7.1,'22-23
181,Isaiah Todd,WAS,21,205.74,219.0,None,USA,2021,2,31,4.0,0.5,0.0,0.0,-14.8,0.0,0.0,13.3,25.0,0.0,'22-23
182,Ish Smith,DEN,34,182.88,175.0,Wake Forest,USA,Undrafted,Undrafted,Undrafted,26.0,2.8,1.1,1.9,-4.3,1.3,10.0,18.7,46.9,30.4,'22-23
183,Ish Wainright,PHX,28,195.58,250.0,Baylor,USA,Undrafted,Undrafted,Undrafted,38.0,3.9,2.2,1.0,8.5,5.5,8.2,11.7,51.4,8.9,'22-23
184,Ivica Zubac,LAC,25,213.36,240.0,None,Croatia,2016,2,32,56.0,10.2,10.3,1.0,-2.3,12.1,23.6,14.4,64.9,4.9,'22-23
185,JD Davison,BOS,20,185.42,195.0,Alabama,USA,2022,2,53,5.0,0.4,0.4,0.2,-32.2,0.0,15.4,23.1,20.0,14.3,'22-23
186,JT Thor,CHA,20,205.74,203.0,Auburn,USA,2021,2,37,43.0,2.7,1.7,0.4,-7.0,4.4,10.7,12.6,45.6,5.6,'22-23
187,Ja Morant,MEM,23,187.96,174.0,Murray State,USA,2019,1,2,45.0,27.4,5.8,8.3,6.6,3.3,13.2,33.9,56.2,41.8,'22-23
188,JaMychal Green,GSW,32,205.74,227.0,Alabama,USA,Undrafted,Undrafted,Undrafted,35.0,6.4,4.0,0.9,-4.1,9.8,17.0,17.2,62.1,8.3,'22-23
189,JaVale McGee,DAL,35,213.36,270.0,Nevada,USA,2008,1,18,32.0,3.8,2.4,0.3,-16.1,8.3,21.1,21.3,61.8,5.4,'22-23
190,Jabari Smith Jr.,HOU,19,210.82,220.0,Auburn,USA,2022,1,3,52.0,11.8,6.9,1.2,-10.9,3.8,18.4,18.4,50.0,5.6,'22-23
191,Jabari Walker,POR,20,200.66,200.0,Colorado,USA,2022,2,57,35.0,2.4,2.1,0.5,0.0,10.1,14.1,13.4,50.0,7.9,'22-23
192,Jack White,DEN,25,200.66,225.0,Duke,Australia,Undrafted,Undrafted,Undrafted,12.0,1.0,0.6,0.0,-44.5,6.4,11.8,13.5,44.6,0.0,'22-23
193,Jaden Hardy,DAL,20,190.5,198.0,None,USA,2022,2,37,27.0,6.6,1.3,0.7,-8.2,0.7,11.1,26.2,54.9,11.5,'22-23
194,Jaden Ivey,DET,20,193.04,195.0,Purdue,USA,2022,1,5,52.0,15.1,3.9,4.5,-12.8,3.1,10.1,24.0,52.6,23.8,'22-23
195,Jaden McDaniels,MIN,22,205.74,185.0,Washington,USA,2020,1,28,55.0,11.3,3.8,2.1,3.0,4.3,8.0,14.9,60.6,9.0,'22-23
196,Jaden Springer,PHI,20,193.04,202.0,Tennessee,USA,2021,1,28,7.0,2.4,1.0,0.1,-27.6,16.7,10.7,24.6,61.8,8.3,'22-23
197,Jae'Sean Tate,HOU,27,195.58,230.0,Ohio State,USA,Undrafted,Undrafted,Undrafted,17.0,7.8,4.1,2.8,-7.6,7.3,10.6,17.5,50.8,19.4,'22-23
198,Jake LaRavia,MEM,21,200.66,235.0,Wake Forest,USA,2022,1,19,29.0,3.3,2.0,0.7,-6.5,4.0,10.5,11.8,53.4,7.4,'22-23
199,Jakob Poeltl,SAS,27,215.9,245.0,Utah,Austria,2016,1,9,46.0,12.1,9.0,3.1,-10.1,11.9,23.9,18.4,62.5,16.6,'22-23
200,Jalen Brunson,NYK,26,187.96,190.0,Villanova,USA,2018,2,33,52.0,23.2,3.5,6.2,-0.1,1.7,8.1,26.3,58.1,28.8,'22-23
201,Jalen Duren,DET,19,210.82,250.0,Memphis,USA,2022,1,13,48.0,8.4,8.7,1.0,-7.0,12.8,21.6,12.3,66.9,6.2,'22-23
202,Jalen Green,HOU,20,193.04,186.0,None,USA,2021,1,2,51.0,22.0,4.0,3.6,-10.2,1.6,10.0,27.6,53.9,16.9,'22-23
203,Jalen Johnson,ATL,21,203.2,219.0,Duke,USA,2021,1,20,51.0,5.2,3.9,0.9,-2.0,4.4,20.8,14.8,55.0,8.4,'22-23
204,Jalen McDaniels,CHA,25,205.74,205.0,San Diego State,USA,2019,2,52,56.0,10.6,4.8,2.0,-5.1,2.7,14.5,16.9,55.1,10.3,'22-23
205,Jalen Smith,IND,22,205.74,215.0,Maryland,USA,2020,1,10,48.0,9.5,5.7,1.0,-6.8,8.6,20.2,20.8,55.6,7.9,'22-23
206,Jalen Suggs,ORL,21,195.58,205.0,Gonzaga,USA,2021,1,5,30.0,9.0,2.8,3.6,-2.5,3.9,8.2,19.9,51.5,23.1,'22-23
207,Jalen Williams,OKC,21,195.58,211.0,Santa Clara,USA,2022,1,12,50.0,12.0,4.1,2.8,-2.3,2.7,10.8,17.0,57.3,13.2,'22-23
208,Jamal Cain,MIA,23,198.12,191.0,Oakland,USA,Undrafted,Undrafted,Undrafted,13.0,4.9,2.9,0.6,-0.2,6.6,13.6,13.5,58.1,7.3,'22-23
209,Jamal Murray,DEN,25,193.04,215.0,Kentucky,Canada,2016,1,7,45.0,20.2,4.1,5.8,8.0,2.6,10.5,25.8,57.5,24.9,'22-23
210,James Bouknight,CHA,22,193.04,190.0,Connecticut,USA,2021,1,11,26.0,4.3,2.0,1.1,-2.8,1.3,12.0,17.5,42.1,11.2,'22-23
211,James Harden,PHI,33,195.58,220.0,Arizona State,USA,2009,1,3,37.0,21.1,6.3,10.9,5.9,1.6,16.2,24.6,61.8,45.2,'22-23
212,James Johnson,IND,35,200.66,240.0,Wake Forest,USA,2009,1,16,12.0,2.2,1.3,0.6,4.9,1.9,16.7,14.5,45.2,9.9,'22-23
213,James Wiseman,GSW,21,213.36,240.0,Memphis,USA,2020,1,2,21.0,6.9,3.5,0.7,-19.3,7.0,21.8,19.3,65.5,8.6,'22-23
214,Jared Rhoden,DET,23,198.12,210.0,Seton Hall,USA,Undrafted,Undrafted,Undrafted,1.0,2.0,1.0,0.0,3.8,0.0,14.3,10.3,33.3,0.0,'22-23
215,Jaren Jackson Jr.,MEM,23,208.28,242.0,Michigan State,USA,2018,1,4,37.0,16.8,6.6,0.8,11.6,6.1,15.5,22.4,60.8,4.3,'22-23
216,Jarred Vanderbilt,UTA,23,203.2,214.0,Kentucky,USA,2018,2,41,52.0,8.3,7.9,2.7,-1.8,9.7,23.2,14.3,60.7,15.6,'22-23
217,Jarrett Allen,CLE,24,205.74,243.0,Texas,USA,2017,1,22,50.0,14.4,9.9,1.7,7.8,9.9,21.3,16.4,67.0,7.3,'22-23
218,Jarrett Culver,ATL,23,198.12,195.0,Texas Tech,USA,2019,1,6,10.0,4.4,3.8,0.6,-5.7,6.5,21.9,16.4,45.2,5.5,'22-23
219,Jason Preston,LAC,23,190.5,181.0,Ohio,USA,2021,2,33,12.0,3.3,1.8,2.3,-3.0,1.4,18.5,16.7,47.7,34.2,'22-23
220,Javonte Green,CHI,29,195.58,205.0,Radford,USA,Undrafted,Undrafted,Undrafted,28.0,5.9,2.9,0.8,6.9,5.7,11.9,13.2,66.7,6.6,'22-23
221,Jaxson Hayes,NOP,22,213.36,220.0,Texas,USA,2019,1,8,30.0,5.2,3.0,0.8,-7.2,6.1,14.7,14.0,58.7,8.5,'22-23
222,Jaylen Brown,BOS,26,198.12,223.0,California,USA,2016,1,3,48.0,26.5,7.0,3.2,5.1,3.4,15.7,30.9,58.5,15.5,'22-23
223,Jaylen Nowell,MIN,23,193.04,201.0,Washington,USA,2019,2,43,58.0,11.0,2.7,2.1,1.9,2.7,10.5,23.4,52.8,15.7,'22-23
224,Jaylin Williams,OKC,20,205.74,240.0,Arkansas,USA,2022,2,34,22.0,5.1,4.3,1.5,-0.4,5.5,23.7,14.0,57.4,12.4,'22-23
225,Jayson Tatum,BOS,24,203.2,210.0,Duke,USA,2017,1,3,52.0,30.6,8.7,4.5,9.9,3.0,19.3,32.1,60.5,20.0,'22-23
226,Jeff Dowtin Jr.,TOR,25,190.5,177.0,Rhode Island,USA,Undrafted,Undrafted,Undrafted,14.0,2.0,0.9,0.9,1.7,4.7,8.2,12.2,53.2,16.9,'22-23
227,Jeff Green,DEN,36,203.2,235.0,Georgetown,USA,2007,1,5,33.0,7.2,2.5,1.2,-8.3,3.8,9.1,16.5,55.6,9.2,'22-23
228,Jerami Grant,POR,28,203.2,210.0,Syracuse,USA,2014,2,39,53.0,20.7,4.3,2.3,-0.1,2.6,9.9,22.7,60.8,9.9,'22-23
229,Jeremiah Robinson-Earl,OKC,22,203.2,240.0,Villanova,USA,2021,2,32,26.0,8.5,5.0,1.0,-3.2,8.8,13.8,14.9,59.3,6.1,'22-23
230,Jeremy Sochan,SAS,19,203.2,230.0,Baylor,Poland,2022,1,9,45.0,9.9,4.8,2.5,-8.1,6.1,13.2,18.0,51.4,12.6,'22-23
231,Jericho Sims,NYK,24,208.28,250.0,Texas,USA,2021,2,58,43.0,3.8,4.7,0.5,-5.8,12.3,17.5,7.7,81.2,4.7,'22-23
232,Jevon Carter,MIL,27,185.42,200.0,West Virginia,USA,2018,2,32,54.0,7.3,2.6,2.6,2.1,1.9,8.6,13.9,54.8,15.7,'22-23
233,Jimmy Butler,MIA,33,200.66,230.0,Marquette,USA,2011,1,30,40.0,22.0,6.0,5.0,2.0,6.4,12.3,24.3,62.0,23.9,'22-23
234,Jock Landale,PHX,27,210.82,255.0,St. Mary's,Australia,Undrafted,Undrafted,Undrafted,47.0,6.9,4.0,0.9,7.9,11.1,16.5,18.8,60.3,9.6,'22-23
235,Joe Harris,BKN,31,198.12,220.0,Virginia,USA,2014,2,33,47.0,8.3,2.7,1.6,0.6,1.6,9.2,13.6,59.4,8.9,'22-23
236,Joe Ingles,MIL,35,205.74,220.0,None,Australia,Undrafted,Undrafted,Undrafted,22.0,6.3,2.4,3.2,2.5,1.4,8.6,12.5,55.7,18.6,'22-23
237,Joe Wieskamp,TOR,23,198.12,205.0,Iowa,USA,2021,2,41,2.0,4.5,0.0,0.5,2.0,0.0,0.0,13.6,90.0,7.7,'22-23
238,Joel Embiid,PHI,28,213.36,280.0,Kansas,Cameroon,2014,1,3,41.0,33.3,10.1,4.0,8.8,5.9,23.7,37.6,64.1,22.5,'22-23
239,John Butler Jr.,POR,20,213.36,190.0,Florida State,USA,Undrafted,Undrafted,Undrafted,7.0,0.3,0.3,0.1,10.8,3.8,4.5,6.8,25.0,6.3,'22-23
240,John Collins,ATL,25,205.74,226.0,Wake Forest,USA,2017,1,19,47.0,13.2,7.4,1.3,0.8,3.7,19.3,16.6,58.7,5.4,'22-23
241,John Konchar,MEM,26,195.58,210.0,Indiana-Purdue Fort Wayne,USA,Undrafted,Undrafted,Undrafted,46.0,6.0,4.9,1.5,8.4,3.6,15.6,10.5,55.0,7.9,'22-23
242,John Wall,LAC,32,190.5,210.0,Kentucky,USA,2010,1,1,34.0,11.4,2.7,5.2,-6.6,1.8,9.6,25.9,49.7,38.0,'22-23
243,Johnny Davis,WAS,20,193.04,195.0,Wisconsin,USA,2022,1,10,11.0,1.2,0.6,0.2,-23.1,1.5,12.5,13.5,37.5,6.7,'22-23
244,Jonas Valanciunas,NOP,30,210.82,265.0,None,Lithuania,2011,1,5,55.0,14.6,9.8,1.7,-2.7,11.4,28.0,23.6,61.0,10.4,'22-23
245,Jonathan Isaac,ORL,25,208.28,230.0,Florida State,USA,2017,1,6,7.0,5.6,3.7,0.6,-10.2,11.5,25.8,22.1,50.9,10.3,'22-23
246,Jonathan Kuminga,GSW,20,200.66,225.0,None,DRC,2021,1,7,43.0,8.4,3.1,1.8,-4.9,4.9,11.0,18.8,56.7,13.6,'22-23
247,Jordan Clarkson,UTA,30,195.58,194.0,Missouri,USA,2014,2,46,55.0,20.9,4.0,4.2,1.6,3.5,8.5,27.1,56.3,20.2,'22-23
248,Jordan Goodwin,WAS,24,190.5,200.0,St. Louis,USA,Undrafted,Undrafted,Undrafted,39.0,6.5,3.3,2.5,-3.7,4.7,12.5,15.4,54.4,20.1,'22-23
249,Jordan Hall,SAS,21,200.66,215.0,St. Joseph's (PA),USA,Undrafted,Undrafted,Undrafted,9.0,3.1,1.3,1.2,-13.1,3.3,12.9,19.7,43.8,22.0,'22-23
250,Jordan McLaughlin,MIN,26,182.88,185.0,Southern California,USA,Undrafted,Undrafted,Undrafted,21.0,3.7,1.5,3.3,14.1,2.5,6.5,11.3,50.7,25.3,'22-23
251,Jordan Nwora,MIL,24,205.74,225.0,Louisville,USA,2020,2,45,38.0,6.0,3.1,1.0,-8.5,4.7,14.4,17.1,53.0,9.1,'22-23
252,Jordan Poole,GSW,23,193.04,194.0,Michigan,USA,2019,1,28,55.0,20.8,2.8,4.5,-2.2,1.3,7.3,28.3,57.4,23.3,'22-23
253,Jordan Schakel,WAS,24,198.12,200.0,San Diego State,USA,Undrafted,Undrafted,Undrafted,2.0,1.5,0.0,0.5,50.0,0.0,0.0,15.4,75.0,16.7,'22-23
254,Jose Alvarado,NOP,24,182.88,179.0,Georgia Tech,USA,Undrafted,Undrafted,Undrafted,55.0,9.3,2.4,3.1,5.4,2.2,9.3,19.4,52.7,19.7,'22-23
255,Josh Christopher,HOU,21,193.04,215.0,Arizona State,USA,2021,1,24,37.0,4.5,1.1,0.8,-20.7,2.6,8.8,21.1,52.7,14.1,'22-23
256,Josh Giddey,OKC,20,203.2,216.0,None,Australia,2021,1,6,49.0,16.3,7.9,5.9,-2.1,6.0,18.6,23.8,53.8,27.6,'22-23
257,Josh Green,DAL,22,200.66,200.0,Arizona,Australia,2020,1,18,36.0,8.8,2.6,1.4,6.2,4.0,7.5,13.7,68.2,9.1,'22-23
258,Josh Hart,POR,27,193.04,215.0,Villanova,USA,2017,1,30,51.0,9.5,8.2,3.9,3.3,5.8,18.9,12.4,58.6,15.6,'22-23
259,Josh Minott,MIN,20,203.2,205.0,Memphis,USA,2022,2,45,10.0,3.5,2.2,0.3,22.0,8.1,21.5,17.9,59.0,5.5,'22-23
260,Josh Okogie,PHX,24,193.04,213.0,Georgia Tech,Nigeria,2018,1,20,46.0,5.0,3.0,1.2,4.9,10.0,11.9,18.1,50.1,13.3,'22-23
261,Josh Richardson,SAS,29,198.12,200.0,Tennessee,USA,2015,2,40,42.0,11.5,2.8,3.3,-6.9,2.9,9.1,20.0,55.6,18.9,'22-23
262,Joshua Primo,SAS,20,198.12,189.0,Alabama,Canada,2021,1,12,4.0,7.0,3.3,4.5,1.7,1.9,11.3,17.3,46.7,23.7,'22-23
263,Jrue Holiday,MIL,32,195.58,205.0,UCLA,USA,2009,1,17,43.0,19.1,5.2,7.1,6.5,3.7,10.7,25.0,56.2,31.6,'22-23
264,Juan Toscano-Anderson,LAL,29,198.12,209.0,Marquette,USA,Undrafted,Undrafted,Undrafted,30.0,2.7,2.0,0.8,-11.0,3.7,11.9,10.2,55.8,9.4,'22-23
265,Juancho Hernangomez,TOR,27,205.74,214.0,None,Spain,2016,1,15,41.0,3.0,3.0,0.6,0.3,4.2,16.8,9.2,50.8,4.9,'22-23
266,Julian Champagnie,PHI,21,200.66,217.0,St. John's,USA,Undrafted,Undrafted,Undrafted,2.0,0.0,0.0,0.0,-22.7,0.0,0.0,14.3,0.0,0.0,'22-23
267,Julius Randle,NYK,28,203.2,250.0,Kentucky,USA,2014,1,7,56.0,24.7,10.9,4.2,1.5,6.0,23.6,28.1,58.0,18.8,'22-23
268,Justin Champagnie,TOR,21,198.12,206.0,Pittsburgh,USA,Undrafted,Undrafted,Undrafted,3.0,2.0,1.3,0.3,-3.7,10.0,42.9,13.0,100,12.5,'22-23
269,Justin Holiday,ATL,33,198.12,180.0,Washington,USA,Undrafted,Undrafted,Undrafted,28.0,4.5,0.8,0.9,-7.9,0.4,5.0,13.4,50.4,8.5,'22-23
270,Justin Jackson,BOS,27,203.2,220.0,North Carolina,USA,2017,1,15,23.0,0.9,0.7,0.4,-28.3,1.7,11.9,12.2,35.9,14.5,'22-23
271,Justise Winslow,POR,26,198.12,222.0,Duke,USA,2015,1,10,29.0,6.8,5.0,3.4,-2.6,6.2,12.3,13.9,46.6,17.7,'22-23
272,Jusuf Nurkic,POR,28,213.36,290.0,None,Bosnia and Herzegovina,2014,1,16,45.0,13.8,9.4,2.9,1.8,8.8,26.4,21.9,59.8,15.7,'22-23
273,KZ Okpala,SAC,23,203.2,215.0,Stanford,USA,2019,2,32,35.0,1.3,1.0,0.4,1.5,2.8,10.2,8.1,55.4,6.5,'22-23
274,Kai Jones,CHA,22,210.82,221.0,Texas,Bahamas,2021,1,19,27.0,2.7,1.9,0.2,3.9,8.0,13.2,12.1,56.8,2.9,'22-23
275,Karl-Anthony Towns,MIN,27,213.36,248.0,Kentucky,USA,2015,1,1,21.0,20.8,8.2,5.3,-0.9,5.0,17.8,24.4,62.5,23.5,'22-23
276,Kawhi Leonard,LAC,31,200.66,225.0,San Diego State,USA,2011,1,15,32.0,22.0,6.1,4.0,7.8,4.0,15.5,26.8,59.9,20.7,'22-23
277,Keegan Murray,SAC,22,203.2,225.0,Iowa,USA,2022,1,4,52.0,12.0,4.6,1.0,2.3,3.9,11.9,15.9,58.9,4.3,'22-23
278,Keita Bates-Diop,SAS,27,203.2,229.0,Ohio State,USA,2018,2,48,41.0,7.8,3.2,1.0,-11.9,5.1,11.7,15.8,58.4,7.1,'22-23
279,Keldon Johnson,SAS,23,195.58,220.0,Kentucky,USA,2019,1,29,49.0,21.7,4.8,2.7,-11.5,2.5,12.7,27.4,54.9,12.6,'22-23
280,Kelly Olynyk,UTA,31,210.82,240.0,Gonzaga,Canada,2013,1,13,44.0,11.6,5.0,3.2,-0.7,4.4,13.4,17.2,62.5,15.5,'22-23
281,Kelly Oubre Jr.,CHA,27,198.12,203.0,Kansas,USA,2015,1,15,35.0,20.2,5.1,1.2,-8.9,4.1,11.7,26.0,51.5,5.8,'22-23
282,Kemba Walker,DAL,32,182.88,184.0,Connecticut,USA,2011,1,9,9.0,8.0,1.8,2.1,-1.9,2.0,9.0,21.5,54.3,21.6,'22-23
283,Kendall Brown,IND,19,200.66,205.0,Baylor,USA,2022,2,48,6.0,1.5,1.0,0.5,8.2,5.1,8.9,9.3,57.1,9.1,'22-23
284,Kendrick Nunn,WAS,27,190.5,190.0,Oakland,USA,Undrafted,Undrafted,Undrafted,46.0,7.0,1.5,1.1,-0.8,1.6,8.0,22.4,50.8,11.0,'22-23
285,Kennedy Chandler,MEM,20,180.34,170.0,Tennessee,USA,2022,2,38,23.0,2.6,1.3,2.0,-8.3,2.4,10.3,15.5,41.6,29.7,'22-23
286,Kenneth Lofton Jr.,MEM,20,198.12,275.0,Louisiana Tech,USA,Undrafted,Undrafted,Undrafted,7.0,2.4,0.6,0.6,-49.2,2.6,12.0,28.4,44.3,33.3,'22-23
287,Kenrich Williams,OKC,28,198.12,210.0,TCU,USA,Undrafted,Undrafted,Undrafted,46.0,7.8,4.9,2.0,2.9,7.8,13.8,13.0,59.8,12.1,'22-23
288,Kentavious Caldwell-Pope,DEN,29,195.58,204.0,Georgia,USA,2013,1,8,52.0,11.4,2.9,2.2,12.8,1.7,8.0,14.1,61.1,8.3,'22-23
289,Kenyon Martin Jr.,HOU,22,200.66,215.0,None,USA,2020,2,52,55.0,11.6,5.5,1.5,-5.1,5.5,15.1,15.9,63.3,8.4,'22-23
290,Keon Ellis,SAC,23,190.5,175.0,Alabama,USA,Undrafted,Undrafted,Undrafted,7.0,2.7,1.0,0.4,26.8,9.4,14.3,14.5,92.1,14.3,'22-23
291,Keon Johnson,POR,20,190.5,185.0,Tennessee,USA,2021,1,21,25.0,4.4,1.4,1.0,-10.0,2.5,11.0,22.8,46.0,15.1,'22-23
292,Kessler Edwards,SAC,22,200.66,203.0,Pepperdine,USA,2021,2,44,14.0,1.1,1.0,0.1,1.1,7.0,10.8,14.0,30.1,2.9,'22-23
293,Kevin Durant,BKN,34,208.28,240.0,Texas,USA,2007,1,2,39.0,29.7,6.7,5.3,6.1,1.1,16.5,31.1,67.3,23.9,'22-23
294,Kevin Huerter,SAC,24,200.66,198.0,Maryland,USA,2018,1,19,51.0,14.8,3.2,2.9,4.1,2.0,9.3,19.0,60.9,13.2,'22-23
295,Kevin Knox II,DET,23,200.66,215.0,Kentucky,USA,2018,1,9,42.0,5.6,2.6,0.4,-7.0,3.2,14.4,15.6,61.2,3.9,'22-23
296,Kevin Love,CLE,34,203.2,251.0,UCLA,USA,2008,1,5,41.0,8.5,6.8,1.9,4.0,5.2,29.8,18.6,55.5,13.1,'22-23
297,Kevin Porter Jr.,HOU,22,193.04,203.0,Southern California,USA,2019,1,30,40.0,19.2,5.5,5.6,-9.2,3.8,11.7,25.1,55.1,27.0,'22-23
298,Kevon Harris,ORL,25,198.12,216.0,Stephen F. Austin,USA,Undrafted,Undrafted,Undrafted,27.0,3.6,2.0,0.4,2.2,6.6,8.7,12.5,54.6,4.9,'22-23
299,Kevon Looney,GSW,27,205.74,222.0,UCLA,USA,2015,1,30,55.0,6.7,8.5,2.6,3.9,12.5,23.3,10.1,65.5,14.1,'22-23
300,Khem Birch,TOR,30,203.2,233.0,UNLV,Canada,Undrafted,Undrafted,Undrafted,20.0,2.2,1.3,0.4,2.8,5.1,11.8,11.3,62.9,6.3,'22-23
301,Khris Middleton,MIL,31,200.66,222.0,Texas A&M,USA,2012,2,39,15.0,12.9,3.3,4.0,4.9,1.8,11.7,26.6,53.2,27.4,'22-23
302,Killian Hayes,DET,21,195.58,195.0,None,France,2020,1,7,52.0,9.8,2.7,5.8,-9.8,1.2,9.2,19.8,46.1,32.5,'22-23
303,Kira Lewis Jr.,NOP,21,185.42,170.0,Alabama,USA,2020,1,13,11.0,5.5,2.0,1.0,11.1,2.5,13.6,19.7,57.7,12.0,'22-23
304,Klay Thompson,GSW,33,198.12,220.0,Washington State,USA,2011,1,11,43.0,21.5,3.9,2.4,3.3,2.0,9.3,25.9,56.1,10.6,'22-23
305,Kristaps Porzingis,WAS,27,220.98,240.0,None,Latvia,2015,1,4,46.0,22.7,8.6,2.5,1.5,6.0,19.4,27.4,61.3,11.5,'22-23
306,Kyle Anderson,MIN,29,205.74,230.0,UCLA,USA,2014,1,30,45.0,8.2,4.7,4.0,4.5,3.1,14.5,13.6,59.0,19.7,'22-23
307,Kyle Kuzma,WAS,27,205.74,221.0,Utah,USA,2017,1,27,51.0,21.3,7.6,4.0,1.9,2.7,17.7,27.0,54.7,17.5,'22-23
308,Kyle Lowry,MIA,36,182.88,196.0,Villanova,USA,2006,1,24,44.0,12.0,4.3,5.3,-0.7,2.5,11.1,16.6,55.2,22.8,'22-23
309,Kyrie Irving,DAL,30,187.96,195.0,Duke,Australia,2011,1,1,41.0,27.0,5.1,5.3,4.4,2.8,10.6,29.4,60.5,22.4,'22-23
310,LaMelo Ball,CHA,21,200.66,180.0,None,USA,2020,1,3,29.0,23.1,5.9,8.0,-6.3,3.0,13.9,29.1,53.2,33.7,'22-23
311,Lamar Stevens,CLE,25,198.12,230.0,Penn State,USA,Undrafted,Undrafted,Undrafted,40.0,5.4,3.1,0.5,0.9,3.5,13.7,13.5,53.8,3.9,'22-23
312,Landry Shamet,PHX,25,193.04,190.0,Wichita State,USA,2018,1,26,30.0,9.5,1.7,2.2,-0.5,1.2,6.9,19.2,54.6,15.7,'22-23
313,Larry Nance Jr.,NOP,30,203.2,245.0,Wyoming,USA,2015,1,27,46.0,8.0,6.0,1.9,8.2,8.4,18.9,12.8,65.4,11.5,'22-23
314,Lauri Markkanen,UTA,25,213.36,240.0,Arizona,Finland,2017,1,7,51.0,24.7,8.6,1.7,4.1,5.0,19.4,24.6,66.5,8.0,'22-23
315,LeBron James,LAL,38,205.74,250.0,None,USA,2003,1,1,44.0,30.2,8.5,7.0,2.7,3.2,19.4,32.3,59.0,31.6,'22-23
316,Leandro Bolmaro,UTA,22,198.12,200.0,None,Argentina,2020,1,23,14.0,0.4,0.5,0.5,0.7,5.1,4.0,15.5,15.0,12.1,'22-23
317,Lindy Waters III,OKC,25,198.12,210.0,Oklahoma State,USA,Undrafted,Undrafted,Undrafted,20.0,4.4,1.7,0.8,16.1,3.0,10.9,14.0,58.6,8.5,'22-23
318,Lonnie Walker IV,LAL,24,193.04,204.0,Miami,USA,2018,1,18,38.0,13.7,2.2,1.3,-6.9,1.1,6.4,19.1,58.0,6.8,'22-23
319,Luguentz Dort,OKC,23,193.04,220.0,Arizona State,Canada,Undrafted,Undrafted,Undrafted,47.0,14.1,4.2,2.3,1.0,4.4,8.8,19.8,52.9,9.9,'22-23
320,Luka Doncic,DAL,23,200.66,230.0,None,Slovenia,2018,1,3,47.0,33.4,8.9,8.2,3.7,2.6,22.8,37.6,61.3,42.8,'22-23
321,Luka Garza,MIN,24,208.28,243.0,Iowa,USA,2021,2,52,21.0,7.2,2.5,0.7,5.8,12.9,13.3,24.7,64.4,9.2,'22-23
322,Luke Kennard,LAC,26,195.58,206.0,Duke,USA,2017,1,12,35.0,7.8,2.4,1.1,5.7,0.9,10.1,14.8,62.3,7.1,'22-23
323,Luke Kornet,BOS,27,218.44,250.0,Vanderbilt,USA,Undrafted,Undrafted,Undrafted,47.0,4.0,3.0,0.7,5.1,10.4,12.9,10.7,73.8,8.6,'22-23
324,Malachi Flynn,TOR,24,185.42,175.0,San Diego State,USA,2020,1,29,39.0,4.7,1.5,1.5,-5.2,2.3,9.3,16.1,47.6,15.7,'22-23
325,Malaki Branham,SAS,19,193.04,180.0,Ohio State,USA,2022,1,20,41.0,8.1,1.9,1.9,-13.1,1.3,7.9,17.1,51.7,12.4,'22-23
326,Malcolm Brogdon,BOS,30,193.04,229.0,Virginia,USA,2016,2,36,47.0,14.5,4.2,3.7,3.6,2.9,14.0,22.4,61.9,23.0,'22-23
327,Malcolm Hill,CHI,27,198.12,220.0,Illinois,USA,Undrafted,Undrafted,Undrafted,4.0,0.0,0.3,0.0,-57.1,0.0,25.0,0.0,0.0,0.0,'22-23
328,Malik Beasley,UTA,26,193.04,187.0,Florida State,USA,2016,1,19,55.0,13.4,3.6,1.7,-2.2,1.8,11.4,20.9,53.5,9.2,'22-23
329,Malik Monk,SAC,25,190.5,200.0,Kentucky,USA,2017,1,11,53.0,13.5,2.6,3.9,-0.8,2.3,9.2,24.9,57.2,25.5,'22-23
330,Mamadi Diakite,CLE,26,205.74,228.0,Virginia,Guinea,Undrafted,Undrafted,Undrafted,16.0,1.6,0.8,0.1,-4.3,3.5,9.6,15.3,50.0,3.4,'22-23
331,MarJon Beauchamp,MIL,22,200.66,199.0,None,USA,2022,1,24,35.0,5.8,2.4,0.7,-3.9,5.5,9.6,17.8,51.5,6.4,'22-23
332,Marcus Morris Sr.,LAC,33,203.2,218.0,Kansas,USA,2011,1,14,50.0,12.6,4.4,1.8,-0.1,1.7,13.9,18.8,54.7,9.5,'22-23
333,Marcus Smart,BOS,28,193.04,220.0,Oklahoma State,USA,2014,1,6,41.0,11.1,3.4,7.2,7.0,2.3,8.0,16.9,54.3,28.9,'22-23
334,Mark Williams,CHA,21,213.36,240.0,Duke,USA,2022,1,15,25.0,7.0,5.2,0.2,-7.9,10.2,22.4,17.7,67.9,2.9,'22-23
335,Markelle Fultz,ORL,24,193.04,209.0,Washington,USA,2017,1,1,34.0,12.7,3.7,5.5,-6.4,3.9,9.1,20.2,55.8,29.7,'22-23
336,Markieff Morris,DAL,33,205.74,245.0,Kansas,USA,2011,1,13,27.0,3.6,2.2,0.9,5.7,4.7,14.8,14.5,55.6,11.4,'22-23
337,Marko Simonovic,CHI,23,213.36,220.0,None,Montenegro,2020,2,44,2.0,0.0,0.0,0.0,-142.9,0.0,0.0,12.5,0.0,0.0,'22-23
338,Marvin Bagley III,DET,23,208.28,235.0,Duke,USA,2018,1,2,25.0,10.6,5.9,0.6,-12.8,9.5,19.2,19.6,59.2,4.3,'22-23
339,Mason Plumlee,CHA,32,213.36,254.0,Duke,USA,2013,1,22,56.0,12.2,9.7,3.7,-7.6,10.8,23.4,15.4,67.3,18.0,'22-23
340,Matisse Thybulle,PHI,25,195.58,201.0,Washington,USA,2019,1,20,49.0,2.7,1.3,0.5,6.0,3.4,7.4,9.1,53.6,5.1,'22-23
341,Matt Ryan,MIN,25,198.12,215.0,Tennessee-Chattanooga,USA,Undrafted,Undrafted,Undrafted,32.0,3.8,0.8,0.5,2.6,1.4,6.5,16.0,54.3,6.5,'22-23
342,Matthew Dellavedova,SAC,32,190.5,200.0,St. Mary's,Australia,Undrafted,Undrafted,Undrafted,23.0,1.4,0.3,1.4,-7.2,0.7,4.5,12.1,48.2,30.8,'22-23
343,Max Christie,LAL,19,195.58,190.0,Michigan State,USA,2022,2,35,33.0,3.8,2.2,0.5,-7.0,1.3,12.8,10.0,58.4,4.7,'22-23
344,Max Strus,MIA,26,195.58,215.0,DePaul,USA,Undrafted,Undrafted,Undrafted,53.0,12.3,3.6,2.1,-2.2,2.2,10.2,17.5,54.7,10.8,'22-23
345,Maxi Kleber,DAL,31,208.28,240.0,None,Germany,Undrafted,Undrafted,Undrafted,22.0,6.2,3.5,1.0,1.2,3.4,10.7,9.6,62.2,5.4,'22-23
346,McKinley Wright IV,DAL,24,180.34,192.0,Colorado,USA,Undrafted,Undrafted,Undrafted,18.0,2.3,1.4,1.7,-13.0,3.3,10.0,14.0,44.2,25.4,'22-23
347,Mfiondu Kabengele,BOS,25,208.28,250.0,Florida State,Canada,2019,1,27,2.0,1.0,2.5,0.0,-4.2,21.4,16.7,9.7,50.0,0.0,'22-23
348,Micah Potter,UTA,24,203.2,248.0,Wisconsin,USA,Undrafted,Undrafted,Undrafted,3.0,1.3,1.0,0.7,3.3,6.7,10.5,5.3,100,20.0,'22-23
349,Michael Foster Jr.,PHI,20,203.2,250.0,None,USA,Undrafted,Undrafted,Undrafted,1.0,0.0,0.0,0.0,-100.0,0.0,0.0,0.0,0.0,0.0,'22-23
350,Michael Porter Jr.,DEN,24,208.28,218.0,Missouri,USA,2018,1,14,38.0,16.9,5.4,1.1,12.5,3.6,15.0,21.6,61.9,4.7,'22-23
351,Mikal Bridges,PHX,26,198.12,209.0,Villanova,USA,2018,1,10,56.0,17.2,4.3,3.6,1.3,2.7,9.1,19.1,57.4,14.1,'22-23
352,Mike Conley,UTA,35,185.42,175.0,Ohio State,USA,2007,1,4,43.0,10.7,2.5,7.7,1.1,1.3,7.2,15.9,55.2,34.3,'22-23
353,Mike Muscala,OKC,31,210.82,240.0,Bucknell,USA,2013,2,44,43.0,6.2,3.1,0.9,9.4,3.5,16.4,14.9,60.2,7.9,'22-23
354,Miles McBride,NYK,22,187.96,195.0,West Virginia,USA,2021,2,36,44.0,3.7,0.9,1.2,7.1,1.6,4.7,13.9,46.2,13.0,'22-23
355,Mitchell Robinson,NYK,24,213.36,240.0,Western Kentucky,USA,2018,2,36,38.0,7.2,8.9,1.0,8.2,15.3,16.3,9.5,65.8,4.9,'22-23
356,Mo Bamba,ORL,24,213.36,231.0,Texas,USA,2018,1,6,40.0,7.3,4.6,1.1,2.3,7.1,18.7,16.3,61.3,8.8,'22-23
357,Monte Morris,WAS,27,187.96,183.0,Iowa State,USA,2017,2,51,46.0,10.5,3.3,5.4,1.9,1.4,10.1,15.1,58.1,24.8,'22-23
358,Montrezl Harrell,PHI,29,200.66,240.0,Louisville,USA,2015,2,32,49.0,5.7,2.8,0.6,0.8,9.8,12.4,17.1,63.3,7.5,'22-23
359,Moritz Wagner,ORL,25,210.82,245.0,Michigan,Germany,2018,1,25,34.0,11.5,5.0,1.7,-3.0,6.4,17.0,20.0,63.5,12.6,'22-23
360,Moses Brown,LAC,23,218.44,245.0,UCLA,USA,Undrafted,Undrafted,Undrafted,34.0,4.6,4.1,0.1,4.5,17.0,26.9,19.1,60.7,2.1,'22-23
361,Moses Moody,GSW,20,195.58,211.0,Arkansas,USA,2021,1,14,41.0,5.0,1.7,0.9,-6.6,3.1,8.1,13.9,57.8,8.8,'22-23
362,Moussa Diabate,LAC,21,208.28,210.0,Michigan,France,2022,2,43,15.0,3.4,2.9,0.2,-3.2,14.0,10.5,12.4,55.4,2.6,'22-23
363,Myles Turner,IND,26,210.82,250.0,Texas,USA,2015,1,11,47.0,17.7,8.1,1.3,0.9,5.2,21.3,21.7,65.0,6.7,'22-23
364,Naji Marshall,NOP,25,200.66,220.0,Xavier,USA,Undrafted,Undrafted,Undrafted,51.0,10.0,3.7,2.6,1.1,2.7,12.0,17.3,53.7,14.0,'22-23
365,Nassir Little,POR,22,195.58,220.0,North Carolina,USA,2019,1,25,34.0,5.9,2.3,0.8,-1.8,2.7,12.1,14.6,58.7,7.3,'22-23
366,Nathan Knight,MIN,25,203.2,253.0,William & Mary,USA,Undrafted,Undrafted,Undrafted,32.0,4.0,1.6,0.4,-1.9,7.4,11.4,17.6,65.8,7.0,'22-23
367,Naz Reid,MIN,23,205.74,264.0,Louisiana State,USA,Undrafted,Undrafted,Undrafted,50.0,10.3,4.8,1.0,-2.0,6.5,19.7,22.6,61.0,8.3,'22-23
368,Neemias Queta,SAC,23,213.36,248.0,Utah State,Portugal,2021,2,39,4.0,3.0,2.3,0.3,-49.6,12.5,20.0,14.9,67.6,8.3,'22-23
369,Nerlens Noel,DET,28,208.28,220.0,Kentucky,USA,2013,1,6,14.0,2.3,2.6,0.5,-17.3,4.3,20.7,11.4,46.5,6.5,'22-23
370,Nic Claxton,BKN,23,210.82,215.0,Georgia,USA,2019,2,31,51.0,13.2,9.2,1.7,5.1,9.8,20.7,16.1,70.6,8.0,'22-23
371,Nick Richards,CHA,25,213.36,245.0,Kentucky,Jamaica,2020,2,42,41.0,8.1,5.6,0.5,-3.4,13.3,16.6,16.2,66.3,4.5,'22-23
372,Nickeil Alexander-Walker,UTA,24,195.58,205.0,Virginia Tech,Canada,2019,1,17,36.0,6.3,1.6,2.1,-0.8,1.5,9.4,18.4,60.9,20.4,'22-23
373,Nicolas Batum,LAC,34,203.2,230.0,None,France,2008,1,25,55.0,6.1,4.3,1.5,3.7,4.0,14.9,11.3,58.2,9.2,'22-23
374,Nikola Jokic,DEN,27,210.82,284.0,None,Serbia,2014,2,41,47.0,24.7,11.3,10.2,14.2,6.7,28.3,26.3,70.6,42.6,'22-23
375,Nikola Jovic,MIA,19,208.28,205.0,None,Serbia,2022,1,27,15.0,5.5,2.1,0.7,-3.5,4.3,11.9,18.5,53.0,7.6,'22-23
376,Nikola Vucevic,CHI,32,208.28,260.0,Southern California,Montenegro,2011,1,16,54.0,18.0,11.3,3.4,-0.8,6.7,27.0,21.6,60.2,15.3,'22-23
377,Noah Vonleh,BOS,27,208.28,257.0,Indiana,USA,2014,1,9,23.0,1.1,2.1,0.3,-1.4,11.0,17.4,9.0,50.2,5.1,'22-23
378,Norman Powell,LAC,29,193.04,215.0,UCLA,USA,2015,2,46,48.0,16.9,3.1,1.7,-4.3,1.5,10.1,25.0,62.1,11.4,'22-23
379,O.G. Anunoby,TOR,25,200.66,232.0,Indiana,United Kingdom,2017,1,23,45.0,16.9,5.5,2.0,1.9,3.9,12.1,20.0,56.2,8.3,'22-23
380,Obi Toppin,NYK,24,205.74,220.0,Dayton,USA,2020,1,8,41.0,6.6,3.3,0.9,0.2,3.1,16.0,17.9,54.5,8.6,'22-23
381,Ochai Agbaji,UTA,22,195.58,215.0,Kansas,USA,2022,1,14,33.0,4.1,1.7,0.5,2.7,4.4,6.9,10.9,59.3,4.3,'22-23
382,Onyeka Okongwu,ATL,22,205.74,240.0,Southern California,USA,2020,1,6,53.0,9.3,7.4,1.0,-0.8,11.0,18.8,13.9,66.8,5.8,'22-23
383,Orlando Robinson,MIA,22,208.28,235.0,Fresno State,USA,Undrafted,Undrafted,Undrafted,25.0,4.2,4.1,0.8,3.9,10.5,19.9,12.3,56.6,8.4,'22-23
384,Oshae Brissett,IND,24,200.66,210.0,Syracuse,Canada,Undrafted,Undrafted,Undrafted,48.0,5.6,3.4,0.5,-0.9,5.3,14.8,14.3,52.0,4.7,'22-23
385,Otto Porter Jr.,TOR,29,203.2,198.0,Georgetown,USA,2013,1,3,8.0,5.5,2.4,1.0,-5.0,3.8,9.6,10.4,65.6,7.8,'22-23
386,Ousmane Dieng,OKC,19,205.74,185.0,None,France,2022,1,11,19.0,4.2,2.6,1.4,-4.1,2.4,13.2,12.8,49.9,12.2,'22-23
387,P.J. Tucker,PHI,37,195.58,245.0,Texas,USA,2006,2,35,51.0,3.4,3.9,0.8,3.9,5.3,10.8,6.4,55.2,4.1,'22-23
388,P.J. Washington,CHA,24,200.66,230.0,Kentucky,USA,2019,1,12,55.0,14.8,4.5,2.5,-8.4,2.8,10.8,18.9,53.4,10.8,'22-23
389,PJ Dozier,SAC,26,198.12,205.0,South Carolina,USA,Undrafted,Undrafted,Undrafted,4.0,1.3,0.5,0.0,31.4,0.0,15.4,12.5,83.3,0.0,'22-23
390,Paolo Banchero,ORL,20,208.28,250.0,Duke,USA,2022,1,1,48.0,20.2,6.6,3.7,-4.5,3.3,16.4,27.5,53.2,17.3,'22-23
391,Pascal Siakam,TOR,28,203.2,230.0,New Mexico State,Cameroon,2016,1,27,46.0,25.0,8.0,6.2,2.4,4.9,17.5,27.8,56.4,26.1,'22-23
392,Pat Connaughton,MIL,30,195.58,209.0,Notre Dame,USA,2015,2,41,38.0,8.7,4.9,1.2,2.2,3.0,14.7,14.1,53.8,6.3,'22-23
393,Patrick Baldwin Jr.,GSW,20,205.74,220.0,Wisconsin-Milwaukee,USA,2022,1,28,15.0,5.3,1.4,0.2,-25.1,0.0,18.9,23.8,61.9,4.6,'22-23
394,Patrick Beverley,LAL,34,187.96,180.0,Arkansas,USA,2009,2,42,45.0,6.4,3.1,2.6,-2.9,1.9,9.3,10.6,54.8,12.5,'22-23
395,Patrick Williams,CHI,21,200.66,215.0,Florida State,USA,2020,1,4,54.0,10.2,4.4,1.3,-2.8,3.5,11.7,15.2,57.4,6.2,'22-23
396,Patty Mills,BKN,34,182.88,180.0,St. Mary's,Australia,2009,2,55,34.0,5.9,0.9,1.4,-3.0,1.3,5.5,17.6,56.5,13.6,'22-23
397,Paul George,LAC,32,203.2,220.0,Fresno State,USA,2010,1,10,41.0,23.4,6.1,5.2,4.9,2.3,15.7,29.6,59.5,24.3,'22-23
398,Paul Reed,PHI,23,205.74,210.0,DePaul,USA,2020,2,58,40.0,3.1,3.2,0.4,-9.0,13.0,21.5,13.9,59.2,5.6,'22-23
399,Payton Pritchard,BOS,25,185.42,195.0,Oregon,USA,2020,1,26,39.0,4.6,1.5,1.0,0.6,4.2,7.6,18.3,51.0,12.7,'22-23
400,Peyton Watson,DEN,20,200.66,200.0,UCLA,USA,2022,1,30,10.0,1.7,0.8,0.1,-44.7,7.3,16.7,21.3,50.4,5.3,'22-23
401,Precious Achiuwa,TOR,23,203.2,225.0,Memphis,Nigeria,2020,1,20,32.0,10.3,6.5,1.0,-1.9,8.5,20.4,18.9,55.0,6.2,'22-23
402,Quentin Grimes,NYK,22,195.58,210.0,Houston,USA,2021,1,25,45.0,10.5,3.5,2.0,4.0,2.7,8.6,13.8,59.3,9.2,'22-23
403,R.J. Hampton,ORL,22,193.04,175.0,None,USA,2020,1,24,26.0,5.7,1.5,1.3,-5.4,2.5,8.1,17.4,57.2,14.4,'22-23
404,RJ Barrett,NYK,22,198.12,214.0,Duke,Canada,2019,1,3,49.0,20.1,5.3,2.8,-2.0,2.5,12.1,25.3,53.2,12.6,'22-23
405,Raul Neto,CLE,30,187.96,180.0,None,Brazil,2013,2,47,37.0,3.2,0.9,1.5,4.8,1.7,7.3,12.2,64.0,20.1,'22-23
406,Reggie Bullock,DAL,31,198.12,205.0,North Carolina,USA,2013,1,25,54.0,6.8,3.5,1.4,-0.4,1.7,10.4,9.6,55.9,6.2,'22-23
407,Reggie Jackson,LAC,32,187.96,208.0,Boston College,USA,2011,1,24,52.0,10.9,2.2,3.5,-1.0,1.7,6.9,20.5,52.3,20.5,'22-23
408,Richaun Holmes,SAC,29,203.2,235.0,Bowling Green,USA,2015,2,37,33.0,3.3,2.2,0.2,-5.5,8.1,15.6,11.9,72.1,2.5,'22-23
409,Ricky Rubio,CLE,32,187.96,190.0,None,Spain,2009,1,5,12.0,5.9,2.6,3.8,4.9,1.0,14.4,18.7,47.2,34.8,'22-23
410,Robert Covington,LAC,32,200.66,209.0,Tennessee State,USA,Undrafted,Undrafted,Undrafted,35.0,5.5,3.7,1.3,-0.6,4.2,17.3,15.0,53.3,11.6,'22-23
411,Robert Williams III,BOS,25,205.74,237.0,Texas A&M,USA,2018,1,27,20.0,8.6,8.4,1.7,12.8,13.0,20.2,11.4,77.2,10.5,'22-23
412,Robin Lopez,CLE,34,213.36,281.0,Stanford,USA,2008,1,15,29.0,3.0,1.4,0.4,-4.5,8.3,9.2,15.1,69.3,8.6,'22-23
413,Rodney McGruder,DET,31,193.04,205.0,Kansas State,USA,Undrafted,Undrafted,Undrafted,20.0,3.3,1.4,0.7,5.8,4.3,8.5,12.6,53.4,8.5,'22-23
414,Romeo Langford,SAS,23,195.58,216.0,Indiana,USA,2019,1,14,32.0,7.4,2.9,1.3,-7.2,6.5,7.1,15.1,53.8,8.8,'22-23
415,Ron Harper Jr.,TOR,22,195.58,245.0,Rutgers,USA,Undrafted,Undrafted,Undrafted,3.0,2.7,0.7,0.0,33.3,11.1,10.0,22.7,80.0,0.0,'22-23
416,Royce O'Neale,BKN,29,198.12,226.0,Baylor,USA,Undrafted,Undrafted,Undrafted,51.0,9.4,4.9,4.0,1.9,2.2,11.4,13.5,54.9,15.1,'22-23
417,Rudy Gay,UTA,36,203.2,250.0,Connecticut,USA,2006,1,8,41.0,4.6,3.0,1.0,9.6,4.5,14.6,16.0,45.2,8.4,'22-23
418,Rudy Gobert,MIN,30,215.9,258.0,None,France,2013,1,27,47.0,13.2,11.4,0.9,0.0,10.7,25.7,15.7,69.4,4.2,'22-23
419,Rui Hachimura,LAL,25,203.2,230.0,Gonzaga,Japan,2019,1,9,37.0,12.8,4.6,1.0,-3.7,3.3,13.9,20.8,55.7,6.5,'22-23
420,Russell Westbrook,LAL,34,190.5,200.0,UCLA,USA,2008,1,4,52.0,15.9,6.2,7.5,-1.0,3.8,16.4,27.6,49.6,37.0,'22-23
421,Ryan Arcidiacono,NYK,28,190.5,195.0,Villanova,USA,Undrafted,Undrafted,Undrafted,11.0,0.3,0.4,0.2,1.0,0.0,14.3,9.2,30.0,11.8,'22-23
422,Ryan Rollins,GSW,20,190.5,180.0,Toledo,USA,2022,2,44,12.0,1.9,1.0,0.5,-38.1,4.3,15.3,26.0,50.8,21.4,'22-23
423,Saben Lee,PHX,23,187.96,183.0,Vanderbilt,USA,2020,2,38,16.0,5.8,1.8,3.1,0.0,3.4,7.8,16.9,57.3,31.2,'22-23
424,Saddiq Bey,DET,23,200.66,215.0,Villanova,USA,2020,1,19,52.0,14.8,4.7,1.6,-7.8,3.7,12.4,20.5,55.2,8.5,'22-23
425,Sam Hauser,BOS,25,200.66,217.0,Virginia,USA,Undrafted,Undrafted,Undrafted,53.0,5.8,2.5,0.7,5.2,2.7,13.6,14.3,62.1,6.5,'22-23
426,Sandro Mamukelashvili,MIL,23,208.28,240.0,Seton Hall,Georgia,2021,2,54,21.0,2.2,2.1,0.7,0.0,6.3,18.9,14.4,45.1,12.1,'22-23
427,Santi Aldama,MEM,22,213.36,215.0,Loyola-Maryland,Spain,2021,1,30,51.0,9.4,4.7,1.2,2.0,4.3,15.7,15.5,60.3,7.5,'22-23
428,Scottie Barnes,TOR,21,203.2,225.0,Florida State,USA,2021,1,4,53.0,15.6,7.2,4.8,2.2,6.4,14.8,19.9,52.9,19.6,'22-23
429,Scotty Pippen Jr.,LAL,22,185.42,170.0,Vanderbilt,USA,Undrafted,Undrafted,Undrafted,6.0,2.3,0.7,0.3,-1.5,5.0,5.7,23.1,43.9,12.5,'22-23
430,Serge Ibaka,MIL,33,210.82,235.0,None,Republic of the Congo,2008,1,24,16.0,4.1,2.8,0.3,-6.5,7.3,15.3,15.9,55.3,3.6,'22-23
431,Seth Curry,BKN,32,185.42,185.0,Duke,USA,Undrafted,Undrafted,Undrafted,39.0,10.6,2.0,2.1,-1.8,1.2,7.1,18.6,59.9,12.8,'22-23
432,Shaedon Sharpe,POR,19,195.58,200.0,Kentucky,Canada,2022,1,7,54.0,7.6,2.5,0.5,-2.6,4.1,9.0,16.1,55.1,4.0,'22-23
433,Shai Gilgeous-Alexander,OKC,24,198.12,195.0,Kentucky,Canada,2018,1,11,50.0,30.8,4.7,5.6,2.3,2.3,10.3,31.7,62.2,25.3,'22-23
434,Shake Milton,PHI,26,195.58,205.0,Southern Methodist,USA,2018,2,54,49.0,9.6,2.9,3.2,2.2,2.5,10.3,18.3,58.7,20.9,'22-23
435,Simone Fontecchio,UTA,27,200.66,209.0,None,Italy,Undrafted,Undrafted,Undrafted,27.0,3.7,1.1,0.4,-21.6,4.4,7.6,18.6,51.5,6.5,'22-23
436,Spencer Dinwiddie,BKN,29,195.58,215.0,Colorado,USA,2014,2,38,53.0,17.7,3.1,5.3,-2.1,1.1,8.6,22.0,59.9,24.8,'22-23
437,Stanley Johnson,SAS,26,198.12,242.0,Arizona,USA,2015,1,8,28.0,5.7,2.9,2.4,-8.4,4.3,14.6,14.8,64.0,19.5,'22-23
438,Stephen Curry,GSW,34,187.96,185.0,Davidson,USA,2009,1,7,38.0,29.4,6.3,6.4,5.3,1.7,15.7,29.5,66.5,27.9,'22-23
439,Sterling Brown,LAL,27,195.58,219.0,Southern Methodist,USA,2017,2,46,4.0,0.0,2.0,0.5,0.4,9.1,15.2,6.1,0.0,7.7,'22-23
440,Steven Adams,MEM,29,210.82,265.0,Pittsburgh,New Zealand,2013,1,12,42.0,8.6,11.5,2.3,9.7,17.1,22.2,13.9,56.4,10.7,'22-23
441,Svi Mykhailiuk,NYK,25,200.66,205.0,Kansas,Ukraine,2018,2,47,13.0,1.6,0.5,0.1,17.7,0.0,14.9,16.7,73.9,4.3,'22-23
442,T.J. McConnell,IND,30,185.42,190.0,Arizona,USA,2015,0,,53.0,7.8,2.9,5.1,-3.8,2.8,11.4,17.2,57.3,39.8,'22-23
443,T.J. Warren,BKN,29,203.2,220.0,North Carolina State,USA,2014,1,14,26.0,9.5,2.8,1.1,0.4,2.9,11.7,20.1,57.6,8.4,'22-23
444,Taj Gibson,WAS,37,205.74,232.0,Southern California,USA,2009,1,26,35.0,3.5,2.0,0.8,3.0,7.9,14.0,15.4,58.9,10.5,'22-23
445,Talen Horton-Tucker,UTA,22,193.04,234.0,Iowa State,USA,2019,2,46,42.0,7.1,2.3,2.5,1.0,2.4,11.2,21.3,49.2,22.6,'22-23
446,Tari Eason,HOU,21,203.2,215.0,Louisiana State,USA,2022,1,17,55.0,8.7,5.7,0.9,-4.9,10.6,17.4,18.8,52.1,7.3,'22-23
447,Taurean Prince,MIN,28,198.12,218.0,Baylor,USA,2016,1,12,34.0,8.5,2.4,1.5,1.7,1.5,9.3,15.5,61.7,9.6,'22-23
448,Terance Mann,LAC,26,195.58,215.0,Florida State,USA,2019,2,48,57.0,8.8,3.7,2.1,-0.2,4.0,11.8,15.0,60.5,13.1,'22-23
449,Terence Davis,SAC,25,193.04,201.0,Mississippi,USA,Undrafted,Undrafted,Undrafted,41.0,6.6,2.3,1.2,7.5,2.8,14.7,21.1,56.2,12.7,'22-23
450,Terrence Ross,ORL,32,200.66,206.0,Washington,USA,2012,1,8,42.0,8.0,2.0,1.3,-2.0,1.1,7.8,15.7,54.3,8.3,'22-23
451,Terry Rozier,CHA,28,185.42,190.0,Louisville,USA,2015,1,16,46.0,21.7,4.4,5.0,-6.3,2.5,9.7,26.1,51.9,21.4,'22-23
452,Terry Taylor,IND,23,193.04,230.0,Austin Peay,USA,Undrafted,Undrafted,Undrafted,26.0,2.7,1.5,0.4,-1.6,8.1,7.6,12.7,50.7,6.0,'22-23
453,Thaddeus Young,TOR,34,203.2,235.0,Georgia Tech,USA,2007,1,12,44.0,5.0,3.4,1.5,-3.7,8.4,13.4,13.0,58.7,13.5,'22-23
454,Thanasis Antetokounmpo,MIL,30,200.66,219.0,None,Greece,2014,2,51,23.0,0.5,1.0,0.2,-17.7,7.7,16.2,11.7,28.0,6.3,'22-23
455,Theo Maledon,CHA,21,195.58,175.0,None,France,2020,2,34,36.0,5.6,2.4,2.4,-10.1,1.4,13.2,15.1,55.1,20.4,'22-23
456,Theo Pinson,DAL,27,200.66,212.0,North Carolina,USA,Undrafted,Undrafted,Undrafted,28.0,1.9,1.2,0.7,-10.2,3.4,15.9,13.0,59.1,17.9,'22-23
457,Thomas Bryant,LAL,25,208.28,248.0,Indiana,USA,2017,2,42,41.0,12.1,6.8,0.7,-2.3,7.9,23.1,18.1,71.2,4.7,'22-23
458,Tim Hardaway Jr.,DAL,30,195.58,205.0,Michigan,USA,2013,1,24,52.0,13.9,3.5,1.7,3.4,1.2,10.6,20.7,51.9,8.2,'22-23
459,Tobias Harris,PHI,30,200.66,226.0,Tennessee,USA,2011,1,19,49.0,15.8,6.1,2.7,4.2,3.2,15.5,18.9,59.3,12.0,'22-23
460,Tony Bradley,CHI,25,210.82,248.0,North Carolina,USA,2017,1,28,11.0,1.3,0.9,0.1,-1.5,3.1,30.0,15.4,65.1,4.8,'22-23
461,Torrey Craig,PHX,32,200.66,221.0,South Carolina Upstate,USA,Undrafted,Undrafted,Undrafted,53.0,7.9,5.7,1.5,-6.3,7.7,14.4,13.2,57.2,8.0,'22-23
462,Trae Young,ATL,24,185.42,164.0,Oklahoma,USA,2018,1,5,48.0,26.8,2.9,10.0,1.1,1.9,6.0,31.8,56.6,40.7,'22-23
463,Tre Jones,SAS,23,185.42,185.0,Duke,USA,2020,2,41,51.0,12.8,3.5,6.3,-8.5,2.5,9.7,19.7,51.5,29.5,'22-23
464,Tre Mann,OKC,22,190.5,178.0,Florida,USA,2021,1,18,49.0,8.1,2.3,1.6,0.4,1.9,10.1,20.1,48.7,12.0,'22-23
465,Trendon Watford,POR,22,203.2,237.0,Louisiana State,USA,Undrafted,Undrafted,Undrafted,39.0,5.5,3.4,1.6,-5.1,4.1,17.1,13.8,65.2,14.5,'22-23
466,Trent Forrest,ATL,24,193.04,210.0,Florida State,USA,Undrafted,Undrafted,Undrafted,18.0,2.8,1.6,1.7,-11.0,2.1,10.3,10.9,48.7,17.8,'22-23
467,Trevelin Queen,IND,25,198.12,190.0,New Mexico State,USA,Undrafted,Undrafted,Undrafted,7.0,3.0,2.4,0.9,9.2,8.6,13.8,19.4,33.7,10.9,'22-23
468,Trevor Hudgins,HOU,23,182.88,180.0,Northwest Missouri State,USA,Undrafted,Undrafted,Undrafted,2.0,3.0,0.0,1.5,5.3,0.0,0.0,10.0,129.3,60.0,'22-23
469,Trevor Keels,NYK,19,193.04,221.0,Duke,USA,2022,2,42,1.0,0.0,1.0,0.0,-66.7,0.0,50.0,33.3,0.0,0.0,'22-23
470,Trey Lyles,SAC,27,205.74,234.0,Kentucky,Canada,2015,1,12,48.0,7.3,3.6,0.8,2.2,5.6,17.0,17.3,61.7,7.1,'22-23
471,Trey Murphy III,NOP,22,203.2,206.0,Virginia,USA,2021,1,17,53.0,13.1,3.7,1.3,-1.6,2.7,9.9,15.0,64.9,6.2,'22-23
472,Troy Brown Jr.,LAL,23,200.66,215.0,Oregon,USA,2018,1,15,49.0,6.9,4.2,1.0,-0.7,3.7,13.2,12.0,55.4,5.4,'22-23
473,Ty Jerome,GSW,25,195.58,195.0,Virginia,USA,2019,1,24,33.0,6.9,1.6,2.8,-5.7,0.7,8.7,14.8,60.7,22.4,'22-23
474,TyTy Washington Jr.,HOU,21,190.5,195.0,Kentucky,USA,2022,1,29,20.0,3.9,1.1,1.2,-7.5,0.4,9.1,17.4,42.1,14.8,'22-23
475,Tyler Dorsey,DAL,26,193.04,180.0,Oregon,USA,2017,2,41,3.0,3.0,0.7,0.0,7.0,10.0,10.0,22.7,90.0,0.0,'22-23
476,Tyler Herro,MIA,23,195.58,195.0,Kentucky,USA,2019,1,13,43.0,20.3,5.7,4.4,1.8,1.3,16.3,25.2,55.8,19.6,'22-23
477,Tyrese Haliburton,IND,22,195.58,185.0,Iowa State,USA,2020,1,12,44.0,19.8,3.9,10.3,-0.8,1.9,9.5,23.6,60.6,46.0,'22-23
478,Tyrese Martin,ATL,23,198.12,215.0,Connecticut,USA,2022,2,51,12.0,1.3,0.5,0.0,4.6,4.2,10.3,17.8,44.4,0.0,'22-23
479,Tyrese Maxey,PHI,22,187.96,200.0,Kentucky,USA,2020,1,21,34.0,19.7,2.9,3.6,2.9,1.4,7.6,24.9,56.0,17.6,'22-23
480,Tyus Jones,MEM,26,187.96,196.0,Duke,USA,2015,1,24,54.0,10.1,2.3,4.7,2.1,1.6,7.5,17.7,54.2,26.8,'22-23
481,Udoka Azubuike,UTA,23,210.82,270.0,Kansas,Nigeria,2020,1,27,20.0,1.7,1.7,0.3,-3.0,9.6,22.9,11.2,78.6,7.2,'22-23
482,Udonis Haslem,MIA,42,200.66,235.0,Florida,USA,Undrafted,Undrafted,Undrafted,6.0,0.5,1.3,0.0,-19.9,6.6,10.8,11.1,11.6,0.0,'22-23
483,Usman Garuba,HOU,20,203.2,229.0,None,Spain,2021,1,23,48.0,3.2,4.6,1.0,-12.1,10.8,20.7,9.8,58.8,10.8,'22-23
484,Vernon Carey Jr.,WAS,21,208.28,270.0,Duke,USA,2020,2,32,9.0,0.4,0.9,0.2,-27.5,9.1,22.7,14.5,29.1,18.2,'22-23
485,Victor Oladipo,MIA,30,190.5,213.0,Indiana,USA,2013,1,2,26.0,11.2,3.5,3.9,-0.1,1.7,11.3,19.2,50.9,20.7,'22-23
486,Vince Williams Jr.,MEM,22,193.04,205.0,Virginia Commonwealth,USA,2022,2,47,9.0,0.8,0.8,0.3,-22.8,2.9,12.5,11.1,26.9,10.7,'22-23
487,Vit Krejci,ATL,22,203.2,195.0,None,Czech Republic,2020,2,37,20.0,1.3,0.7,0.6,-0.4,1.7,10.5,11.3,46.6,12.0,'22-23
488,Vlatko Cancar,DEN,25,203.2,236.0,None,Slovenia,2017,2,49,40.0,5.3,2.3,1.4,-1.9,2.8,12.7,13.2,64.1,12.8,'22-23
489,Walker Kessler,UTA,21,213.36,245.0,Auburn,USA,2022,1,22,53.0,8.0,7.4,0.8,3.0,13.4,20.5,12.9,69.7,5.3,'22-23
490,Wendell Carter Jr.,ORL,23,208.28,270.0,Duke,USA,2018,1,7,35.0,15.1,8.7,2.6,-1.4,7.2,21.5,20.6,61.5,13.5,'22-23
491,Wendell Moore Jr.,MIN,21,195.58,215.0,Duke,USA,2022,1,26,23.0,1.6,0.7,0.7,-13.7,1.5,9.3,13.5,47.1,15.7,'22-23
492,Wenyen Gabriel,LAL,25,205.74,205.0,Kentucky,South Sudan,Undrafted,Undrafted,Undrafted,42.0,6.4,3.9,0.5,0.4,10.1,13.7,14.6,65.5,4.1,'22-23
493,Wesley Matthews,MIL,36,195.58,220.0,Marquette,USA,Undrafted,Undrafted,Undrafted,35.0,3.4,2.1,0.5,6.1,4.8,7.9,9.8,51.3,4.6,'22-23
494,Will Barton,WAS,32,195.58,181.0,Memphis,USA,2012,2,40,40.0,7.7,2.8,2.4,-8.7,1.2,12.9,18.6,50.5,17.4,'22-23
495,Willy Hernangomez,NOP,28,210.82,250.0,None,Spain,2015,2,35,28.0,7.3,4.8,1.0,3.7,12.6,24.3,22.4,60.6,12.3,'22-23
496,Xavier Tillman,MEM,24,200.66,245.0,Michigan State,USA,2020,2,35,35.0,5.0,3.9,1.0,-3.5,11.3,14.3,13.2,60.9,10.1,'22-23
497,Yuta Watanabe,BKN,28,203.2,215.0,George Washington,Japan,Undrafted,Undrafted,Undrafted,40.0,6.6,2.7,0.9,0.4,3.8,11.0,12.5,66.3,6.6,'22-23
498,Zach Collins,SAS,25,210.82,250.0,Gonzaga,USA,2017,1,10,44.0,9.5,5.7,2.5,-10.6,8.6,18.2,19.4,60.8,17.3,'22-23
499,Zach LaVine,CHI,27,195.58,200.0,UCLA,USA,2014,1,13,50.0,23.6,4.8,4.1,-0.7,1.6,11.5,27.1,59.0,17.7,'22-23
500,Zeke Nnaji,DEN,22,205.74,240.0,Arizona,USA,2020,1,22,44.0,5.1,2.3,0.3,-6.8,9.2,7.8,14.2,63.4,3.0,'22-23
501,Ziaire Williams,MEM,21,205.74,185.0,Stanford,USA,2021,1,10,27.0,6.2,2.6,0.9,-2.8,2.2,10.9,16.5,50.2,6.7,'22-23
502,Zion Williamson,NOP,22,198.12,284.0,Duke,USA,2019,1,1,29.0,26.0,7.0,4.6,7.8,6.0,14.8,28.8,65.2,23.1,'22-23
